strategy,hardware,offload_split,offload_frac,disk_frac,mean_latency_ms,total_time_s,prefill_time_s,accuracy
full_cache,A100_80GB,1.0/0.0/0.0,0.0,0.0,6.438679993152618,3.064803384244442,0.006430387496948242,77.0
full_cache,A100_80GB,0.7/0.3/0.0,0.3,0.0,6.515699259544673,3.101387535780668,0.006430387496948242,77.0
full_cache,A100_80GB,0.5/0.5/0.0,0.5,0.0,6.554502421303799,3.119819037616253,0.006430387496948242,77.0
full_cache,A100_80GB,0.3/0.3/0.4,0.3,0.4,7.738879473585832,3.6823981374502184,0.006430387496948242,77.0
full_cache,A100_80GB,0.5/0.0/0.5,0.0,0.5,7.965294320332377,3.7899451896548273,0.006430387496948242,77.0
full_cache,H100_SXM,1.0/0.0/0.0,0.0,0.0,3.8439880556135035,1.8297333637280249,0.0038390373116108907,77.0
full_cache,H100_SXM,0.7/0.3/0.0,0.3,0.0,3.8861805988125977,1.8497748217475947,0.0038390373116108907,77.0
full_cache,H100_SXM,0.5/0.5/0.0,0.5,0.0,3.9015368018109124,1.8570690181717944,0.0038390373116108907,77.0
full_cache,H100_SXM,0.3/0.3/0.4,0.3,0.4,5.110567184292418,2.431358449850509,0.0038390373116108907,77.0
full_cache,H100_SXM,0.5/0.0/0.5,0.0,0.5,5.372108018594938,2.555590346144206,0.0038390373116108907,77.0
full_cache,H200,1.0/0.0/0.0,0.0,0.0,2.682783330480258,1.277001410101851,0.0026793281237284345,77.0
full_cache,H200,0.7/0.3/0.0,0.3,0.0,2.7253820994182636,1.2972358253474037,0.0026793281237284345,77.0
full_cache,H200,0.5/0.5/0.0,0.5,0.0,2.741005895169158,1.3046571283290784,0.0026793281237284345,77.0
full_cache,H200,0.3/0.3/0.4,0.3,0.4,3.9503085733505725,1.8790759004652502,0.0026793281237284345,77.0
full_cache,H200,0.5/0.0/0.5,0.0,0.5,4.211577111953184,2.0031784563014905,0.0026793281237284345,77.0
full_cache,B200,1.0/0.0/0.0,0.0,0.0,1.6096699982881546,0.7662008460611105,0.0016075968742370605,77.0
full_cache,B200,0.7/0.3/0.0,0.3,0.0,1.6526441758400514,0.7866135803982616,0.0016075968742370605,77.0
full_cache,B200,0.5/0.5/0.0,0.5,0.0,1.6685152642036738,0.7941523473709822,0.0016075968742370605,77.0
full_cache,B200,0.3/0.3/0.4,0.3,0.4,2.878069581169831,1.3686906479299068,0.0016075968742370605,77.0
full_cache,B200,0.5/0.0/0.5,0.0,0.5,3.1390864809876993,1.4926736753433942,0.0016075968742370605,77.0
full_cache,B300,1.0/0.0/0.0,0.0,0.0,1.6096699982881546,0.7662008460611105,0.0016075968742370605,77.0
full_cache,B300,0.7/0.3/0.0,0.3,0.0,1.6526441758400514,0.7866135803982616,0.0016075968742370605,77.0
full_cache,B300,0.5/0.5/0.0,0.5,0.0,1.6685152642036738,0.7941523473709822,0.0016075968742370605,77.0
full_cache,B300,0.3/0.3/0.4,0.3,0.4,2.878069581169831,1.3686906479299068,0.0016075968742370605,77.0
full_cache,B300,0.5/0.0/0.5,0.0,0.5,3.1390864809876993,1.4926736753433942,0.0016075968742370605,77.0
full_cache,L40S,1.0/0.0/0.0,0.0,0.0,15.262056280065465,7.264719133023862,0.015242399992766205,77.0
full_cache,L40S,0.7/0.3/0.0,0.3,0.0,15.335988853409974,7.299837105362504,0.015242399992766205,77.0
full_cache,L40S,0.5/0.5/0.0,0.5,0.0,15.372758720353334,7.317302792160599,0.015242399992766205,77.0
full_cache,L40S,0.3/0.3/0.4,0.3,0.4,16.555066742627478,7.878899102740817,0.015242399992766205,77.0
full_cache,L40S,0.5/0.0/0.5,0.0,0.5,16.783550619381913,7.9874289441991735,0.015242399992766205,77.0
full_cache,RTX_5090,1.0/0.0/0.0,0.0,0.0,7.194055858271081,3.424361323178147,0.007184790499383511,77.0
full_cache,RTX_5090,0.7/0.3/0.0,0.3,0.0,7.270810870555035,3.460819954013025,0.007184790499383511,77.0
full_cache,RTX_5090,0.5/0.5/0.0,0.5,0.0,7.309439960419167,3.479168771698488,0.007184790499383511,77.0
full_cache,RTX_5090,0.3/0.3/0.4,0.3,0.4,8.493639881489592,4.04166373420694,0.007184790499383511,77.0
full_cache,RTX_5090,0.5/0.0/0.5,0.0,0.5,8.720231859447745,4.149294923737063,0.007184790499383511,77.0
full_cache,MI300X,1.0/0.0/0.0,0.0,0.0,2.429690563453818,1.1565295789601668,0.0024265613196031103,77.0
full_cache,MI300X,0.7/0.3/0.0,0.3,0.0,2.472377872159251,1.1768060505952473,0.0024265613196031103,77.0
full_cache,MI300X,0.5/0.5/0.0,0.5,0.0,2.4880599916395627,1.1842550573483952,0.0024265613196031103,77.0
full_cache,MI300X,0.3/0.3/0.4,0.3,0.4,3.697422018590963,1.7587020201503105,0.0024265613196031103,77.0
full_cache,MI300X,0.5/0.0/0.5,0.0,0.5,3.958631208423588,1.8827763853208075,0.0024265613196031103,77.0
full_cache,MI325X,1.0/0.0/0.0,0.0,0.0,2.146226664384206,1.0216011280814805,0.0021434624989827475,77.0
full_cache,MI325X,0.7/0.3/0.0,0.3,0.0,2.189013137629157,1.0419247028728325,0.0021434624989827475,77.0
full_cache,MI325X,0.5/0.5/0.0,0.5,0.0,2.2047605796864156,1.0494047378500302,0.0021434624989827475,77.0
full_cache,MI325X,0.3/0.3/0.4,0.3,0.4,3.4141890772602013,1.6238832741975784,0.0021434624989827475,77.0
full_cache,MI325X,0.5/0.0/0.5,0.0,0.5,3.675331796470441,1.7479260658224423,0.0021434624989827475,77.0
full_cache,MI350X,1.0/0.0/0.0,0.0,0.0,1.6096699982881546,0.7662008460611105,0.0016075968742370605,77.0
full_cache,MI350X,0.7/0.3/0.0,0.3,0.0,1.6526441758400514,0.7866135803982616,0.0016075968742370605,77.0
full_cache,MI350X,0.5/0.5/0.0,0.5,0.0,1.6685152642036738,0.7941523473709822,0.0016075968742370605,77.0
full_cache,MI350X,0.3/0.3/0.4,0.3,0.4,2.878069581169831,1.3686906479299068,0.0016075968742370605,77.0
full_cache,MI350X,0.5/0.0/0.5,0.0,0.5,3.1390864809876993,1.4926736753433942,0.0016075968742370605,77.0
full_cache,TPU_v5e,1.0/0.0/0.0,0.0,0.0,16.08099588533727,7.654533330405631,0.01606028487042683,77.0
full_cache,TPU_v5e,0.7/0.3/0.0,0.3,0.0,16.075417828345635,7.651883753334604,0.01606028487042683,77.0
full_cache,TPU_v5e,0.5/0.5/0.0,0.5,0.0,16.07166447963886,7.6501009126988855,0.01606028487042683,77.0
full_cache,TPU_v6e,1.0/0.0/0.0,0.0,0.0,8.040497942668635,3.8272666652028153,0.008030142435213414,77.0
full_cache,TPU_v6e,0.7/0.3/0.0,0.3,0.0,8.037708914172818,3.825941876667302,0.008030142435213414,77.0
full_cache,TPU_v6e,0.5/0.5/0.0,0.5,0.0,8.03583223981943,3.8250504563494427,0.008030142435213414,77.0
full_cache,TPU_v7,1.0/0.0/0.0,0.0,0.0,1.747267298006138,0.8316969835127386,0.0017450169598231323,77.0
full_cache,TPU_v7,0.7/0.3/0.0,0.3,0.0,1.7466612188405566,0.8314090959090875,0.0017450169598231323,77.0
full_cache,TPU_v7,0.5/0.5/0.0,0.5,0.0,1.7462534018433928,0.8312153828354347,0.0017450169598231323,77.0
full_cache,Gaudi_3,1.0/0.0/0.0,0.0,0.0,3.48036756386628,1.6566504779699684,0.003475885133485536,77.0
full_cache,Gaudi_3,0.7/0.3/0.0,0.3,0.0,3.5226873128885563,1.6767523587555497,0.003475885133485536,77.0
full_cache,Gaudi_3,0.5/0.5/0.0,0.5,0.0,3.5381273100759363,1.6840863574195553,0.003475885133485536,77.0
full_cache,Gaudi_3,0.3/0.3/0.4,0.3,0.4,4.747242959430852,2.25841629086314,0.003475885133485536,77.0
full_cache,Gaudi_3,0.5/0.0/0.5,0.0,0.5,5.008698526859962,2.3826076853919673,0.003475885133485536,77.0
full_cache,M4_Max,1.0/0.0/0.0,0.0,0.0,24.150946201422276,11.533180191971233,0.06148074629565217,77.0
full_cache,M4_Max,0.7/0.3/0.0,0.3,0.0,24.142568899713226,11.529200973659435,0.06148074629565217,77.0
full_cache,M4_Max,0.5/0.5/0.0,0.5,0.0,24.136932002388033,11.526523447429968,0.06148074629565217,77.0
full_cache,Snapdragon_X_Elite,1.0/0.0/0.0,0.0,0.0,96.95894577923943,46.17846073773003,0.12296149259130434,77.0
full_cache,Snapdragon_X_Elite,0.7/0.3/0.0,0.3,0.0,96.92531337678986,46.162485346566484,0.12296149259130434,77.0
full_cache,Snapdragon_X_Elite,0.5/0.5/0.0,0.5,0.0,96.90268289194019,46.15173586626289,0.12296149259130434,77.0
full_cache_int8,A100_80GB,1.0/0.0/0.0,0.0,0.0,6.434943785792903,3.063028685748577,0.006430387496948242,76.5
full_cache_int8,A100_80GB,0.7/0.3/0.0,0.3,0.0,6.434943785792903,3.063028685748577,0.006430387496948242,76.5
full_cache_int8,A100_80GB,0.5/0.5/0.0,0.5,0.0,6.434943785792903,3.063028685748577,0.006430387496948242,76.5
full_cache_int8,A100_80GB,0.3/0.3/0.4,0.3,0.4,6.434943785792903,3.063028685748577,0.006430387496948242,76.5
full_cache_int8,A100_80GB,0.5/0.0/0.5,0.0,0.5,6.434943785792903,3.063028685748577,0.006430387496948242,76.5
full_cache_int8,H100_SXM,1.0/0.0/0.0,0.0,0.0,3.8417574840554645,1.8286738422379565,0.0038390373116108907,76.5
full_cache_int8,H100_SXM,0.7/0.3/0.0,0.3,0.0,3.8417574840554645,1.8286738422379565,0.0038390373116108907,76.5
full_cache_int8,H100_SXM,0.5/0.5/0.0,0.5,0.0,3.8417574840554645,1.8286738422379565,0.0038390373116108907,76.5
full_cache_int8,H100_SXM,0.3/0.3/0.4,0.3,0.4,3.8417574840554645,1.8286738422379565,0.0038390373116108907,76.5
full_cache_int8,H100_SXM,0.5/0.0/0.5,0.0,0.5,3.8417574840554645,1.8286738422379565,0.0038390373116108907,76.5
full_cache_int8,H200,1.0/0.0/0.0,0.0,0.0,2.6812265774137094,1.2762619523952405,0.0026793281237284345,76.5
full_cache_int8,H200,0.7/0.3/0.0,0.3,0.0,2.6812265774137094,1.2762619523952405,0.0026793281237284345,76.5
full_cache_int8,H200,0.5/0.5/0.0,0.5,0.0,2.6812265774137094,1.2762619523952405,0.0026793281237284345,76.5
full_cache_int8,H200,0.3/0.3/0.4,0.3,0.4,2.6812265774137094,1.2762619523952405,0.0026793281237284345,76.5
full_cache_int8,H200,0.5/0.0/0.5,0.0,0.5,2.6812265774137094,1.2762619523952405,0.0026793281237284345,76.5
full_cache_int8,B200,1.0/0.0/0.0,0.0,0.0,1.6087359464482258,0.7657571714371443,0.0016075968742370605,76.5
full_cache_int8,B200,0.7/0.3/0.0,0.3,0.0,1.6087359464482258,0.7657571714371443,0.0016075968742370605,76.5
full_cache_int8,B200,0.5/0.5/0.0,0.5,0.0,1.6087359464482258,0.7657571714371443,0.0016075968742370605,76.5
full_cache_int8,B200,0.3/0.3/0.4,0.3,0.4,1.6087359464482258,0.7657571714371443,0.0016075968742370605,76.5
full_cache_int8,B200,0.5/0.0/0.5,0.0,0.5,1.6087359464482258,0.7657571714371443,0.0016075968742370605,76.5
full_cache_int8,B300,1.0/0.0/0.0,0.0,0.0,1.6087359464482258,0.7657571714371443,0.0016075968742370605,76.5
full_cache_int8,B300,0.7/0.3/0.0,0.3,0.0,1.6087359464482258,0.7657571714371443,0.0016075968742370605,76.5
full_cache_int8,B300,0.5/0.5/0.0,0.5,0.0,1.6087359464482258,0.7657571714371443,0.0016075968742370605,76.5
full_cache_int8,B300,0.3/0.3/0.4,0.3,0.4,1.6087359464482258,0.7657571714371443,0.0016075968742370605,76.5
full_cache_int8,B300,0.5/0.0/0.5,0.0,0.5,1.6087359464482258,0.7657571714371443,0.0016075968742370605,76.5
full_cache_int8,L40S,1.0/0.0/0.0,0.0,0.0,15.253200084842437,7.260512440292923,0.015242399992766205,76.5
full_cache_int8,L40S,0.7/0.3/0.0,0.3,0.0,15.253200084842437,7.260512440292923,0.015242399992766205,76.5
full_cache_int8,L40S,0.5/0.5/0.0,0.5,0.0,15.253200084842437,7.260512440292923,0.015242399992766205,76.5
full_cache_int8,L40S,0.3/0.3/0.4,0.3,0.4,15.253200084842437,7.260512440292923,0.015242399992766205,76.5
full_cache_int8,L40S,0.5/0.0/0.5,0.0,0.5,15.253200084842437,7.260512440292923,0.015242399992766205,76.5
full_cache_int8,RTX_5090,1.0/0.0/0.0,0.0,0.0,7.189881324908271,3.422378419830812,0.007184790499383511,76.5
full_cache_int8,RTX_5090,0.7/0.3/0.0,0.3,0.0,7.189881324908271,3.422378419830812,0.007184790499383511,76.5
full_cache_int8,RTX_5090,0.5/0.5/0.0,0.5,0.0,7.189881324908271,3.422378419830812,0.007184790499383511,76.5
full_cache_int8,RTX_5090,0.3/0.3/0.4,0.3,0.4,7.189881324908271,3.422378419830812,0.007184790499383511,76.5
full_cache_int8,RTX_5090,0.5/0.0/0.5,0.0,0.5,7.189881324908271,3.422378419830812,0.007184790499383511,76.5
full_cache_int8,MI300X,1.0/0.0/0.0,0.0,0.0,2.4282806738841143,1.1558598814145573,0.0024265613196031103,76.5
full_cache_int8,MI300X,0.7/0.3/0.0,0.3,0.0,2.4282806738841143,1.1558598814145573,0.0024265613196031103,76.5
full_cache_int8,MI300X,0.5/0.5/0.0,0.5,0.0,2.4282806738841143,1.1558598814145573,0.0024265613196031103,76.5
full_cache_int8,MI300X,0.3/0.3/0.4,0.3,0.4,2.4282806738841143,1.1558598814145573,0.0024265613196031103,76.5
full_cache_int8,MI300X,0.5/0.0/0.5,0.0,0.5,2.4282806738841143,1.1558598814145573,0.0024265613196031103,76.5
full_cache_int8,MI325X,1.0/0.0/0.0,0.0,0.0,2.1449812619309676,1.0210095619161923,0.0021434624989827475,76.5
full_cache_int8,MI325X,0.7/0.3/0.0,0.3,0.0,2.1449812619309676,1.0210095619161923,0.0021434624989827475,76.5
full_cache_int8,MI325X,0.5/0.5/0.0,0.5,0.0,2.1449812619309676,1.0210095619161923,0.0021434624989827475,76.5
full_cache_int8,MI325X,0.3/0.3/0.4,0.3,0.4,2.1449812619309676,1.0210095619161923,0.0021434624989827475,76.5
full_cache_int8,MI325X,0.5/0.0/0.5,0.0,0.5,2.1449812619309676,1.0210095619161923,0.0021434624989827475,76.5
full_cache_int8,MI350X,1.0/0.0/0.0,0.0,0.0,1.6087359464482258,0.7657571714371443,0.0016075968742370605,76.5
full_cache_int8,MI350X,0.7/0.3/0.0,0.3,0.0,1.6087359464482258,0.7657571714371443,0.0016075968742370605,76.5
full_cache_int8,MI350X,0.5/0.5/0.0,0.5,0.0,1.6087359464482258,0.7657571714371443,0.0016075968742370605,76.5
full_cache_int8,MI350X,0.3/0.3/0.4,0.3,0.4,1.6087359464482258,0.7657571714371443,0.0016075968742370605,76.5
full_cache_int8,MI350X,0.5/0.0/0.5,0.0,0.5,1.6087359464482258,0.7657571714371443,0.0016075968742370605,76.5
full_cache_int8,TPU_v5e,1.0/0.0/0.0,0.0,0.0,16.07166447963886,7.6501009126988855,0.01606028487042683,76.5
full_cache_int8,TPU_v5e,0.7/0.3/0.0,0.3,0.0,16.07166447963886,7.6501009126988855,0.01606028487042683,76.5
full_cache_int8,TPU_v5e,0.5/0.5/0.0,0.5,0.0,16.07166447963886,7.6501009126988855,0.01606028487042683,76.5
full_cache_int8,TPU_v6e,1.0/0.0/0.0,0.0,0.0,8.03583223981943,3.8250504563494427,0.008030142435213414,76.5
full_cache_int8,TPU_v6e,0.7/0.3/0.0,0.3,0.0,8.03583223981943,3.8250504563494427,0.008030142435213414,76.5
full_cache_int8,TPU_v6e,0.5/0.5/0.0,0.5,0.0,8.03583223981943,3.8250504563494427,0.008030142435213414,76.5
full_cache_int8,TPU_v7,1.0/0.0/0.0,0.0,0.0,1.7462534018433928,0.8312153828354347,0.0017450169598231323,76.5
full_cache_int8,TPU_v7,0.7/0.3/0.0,0.3,0.0,1.7462534018433928,0.8312153828354347,0.0017450169598231323,76.5
full_cache_int8,TPU_v7,0.5/0.5/0.0,0.5,0.0,1.7462534018433928,0.8312153828354347,0.0017450169598231323,76.5
full_cache_int8,Gaudi_3,1.0/0.0/0.0,0.0,0.0,3.478347992320488,1.6556911814857174,0.003475885133485536,76.5
full_cache_int8,Gaudi_3,0.7/0.3/0.0,0.3,0.0,3.478347992320488,1.6556911814857174,0.003475885133485536,76.5
full_cache_int8,Gaudi_3,0.5/0.5/0.0,0.5,0.0,3.478347992320488,1.6556911814857174,0.003475885133485536,76.5
full_cache_int8,Gaudi_3,0.3/0.3/0.4,0.3,0.4,3.478347992320488,1.6556911814857174,0.003475885133485536,76.5
full_cache_int8,Gaudi_3,0.5/0.0/0.5,0.0,0.5,3.478347992320488,1.6556911814857174,0.003475885133485536,76.5
full_cache_int8,M4_Max,1.0/0.0/0.0,0.0,0.0,24.136932002388033,11.526523447429968,0.06148074629565217,76.5
full_cache_int8,M4_Max,0.7/0.3/0.0,0.3,0.0,24.136932002388033,11.526523447429968,0.06148074629565217,76.5
full_cache_int8,M4_Max,0.5/0.5/0.0,0.5,0.0,24.136932002388033,11.526523447429968,0.06148074629565217,76.5
full_cache_int8,Snapdragon_X_Elite,1.0/0.0/0.0,0.0,0.0,96.90268289194019,46.15173586626289,0.12296149259130434,76.5
full_cache_int8,Snapdragon_X_Elite,0.7/0.3/0.0,0.3,0.0,96.90268289194019,46.15173586626289,0.12296149259130434,76.5
full_cache_int8,Snapdragon_X_Elite,0.5/0.5/0.0,0.5,0.0,96.90268289194019,46.15173586626289,0.12296149259130434,76.5
window_128,A100_80GB,1.0/0.0/0.0,0.0,0.0,6.434467042747297,3.062802232801914,0.006430387496948242,28.499999999999996
window_128,A100_80GB,0.7/0.3/0.0,0.3,0.0,6.473579823970795,3.0813808038830754,0.006430387496948242,28.499999999999996
window_128,A100_80GB,0.5/0.5/0.0,0.5,0.0,6.484988739615992,3.0868000388145447,0.006430387496948242,28.499999999999996
window_128,A100_80GB,0.3/0.3/0.4,0.3,0.4,7.009586191491077,3.33598382845521,0.006430387496948242,28.499999999999996
window_128,A100_80GB,0.5/0.0/0.5,0.0,0.5,7.100375602119847,3.3791087985038755,0.006430387496948242,28.499999999999996
window_128,H100_SXM,1.0/0.0/0.0,0.0,0.0,3.8414728613416695,1.828538646448904,0.0038390373116108907,28.499999999999996
window_128,H100_SXM,0.7/0.3/0.0,0.3,0.0,3.8655545151523967,1.8399774320089992,0.0038390373116108907,28.499999999999996
window_128,H100_SXM,0.5/0.5/0.0,0.5,0.0,3.8665756014324226,1.8404624479920115,0.0038390373116108907,28.499999999999996
window_128,H100_SXM,0.3/0.3/0.4,0.3,0.4,4.402089523313931,2.094831560885728,0.0038390373116108907,28.499999999999996
window_128,H100_SXM,0.5/0.0/0.5,0.0,0.5,4.508038178449153,2.1451571720749585,0.0038390373116108907,28.499999999999996
window_128,H200,1.0/0.0/0.0,0.0,0.0,2.6810279344780406,1.2761675970007977,0.0026793281237284345,28.499999999999996
window_128,H200,0.7/0.3/0.0,0.3,0.0,2.7052875676176003,1.2876909227420887,0.0026793281237284345,28.499999999999996
window_128,H200,0.5/0.5/0.0,0.5,0.0,2.706424593925476,1.2882310102383296,0.0026793281237284345,28.499999999999996
window_128,H200,0.3/0.3/0.4,0.3,0.4,3.242059158782164,1.5426574285452566,0.0026793281237284345,28.499999999999996
window_128,H200,0.5/0.0/0.5,0.0,0.5,3.3478871709422062,1.5929257343212764,0.0026793281237284345,28.499999999999996
window_128,B200,1.0/0.0/0.0,0.0,0.0,1.6086167606868242,0.7657005582004786,0.0016075968742370605,28.499999999999996
window_128,B200,0.7/0.3/0.0,0.3,0.0,1.6330408712750988,0.777302010729909,0.0016075968742370605,28.499999999999996
window_128,B200,0.5/0.5/0.0,0.5,0.0,1.6342850421604358,0.777892991900444,0.0016075968742370605,28.499999999999996
window_128,B200,0.3/0.3/0.4,0.3,0.4,2.1700310977666,1.032372368313372,0.0016075968742370605,28.499999999999996
window_128,B200,0.5/0.0/0.5,0.0,0.5,2.2757476191771655,1.0825877159833908,0.0016075968742370605,28.499999999999996
window_128,B300,1.0/0.0/0.0,0.0,0.0,1.6086167606868242,0.7657005582004786,0.0016075968742370605,28.499999999999996
window_128,B300,0.7/0.3/0.0,0.3,0.0,1.6330408712750988,0.777302010729909,0.0016075968742370605,28.499999999999996
window_128,B300,0.5/0.5/0.0,0.5,0.0,1.6342850421604358,0.777892991900444,0.0016075968742370605,28.499999999999996
window_128,B300,0.3/0.3/0.4,0.3,0.4,2.1700310977666,1.032372368313372,0.0016075968742370605,28.499999999999996
window_128,B300,0.5/0.0/0.5,0.0,0.5,2.2757476191771655,1.0825877159833908,0.0016075968742370605,28.499999999999996
window_128,L40S,1.0/0.0/0.0,0.0,0.0,15.252070027252852,7.259975662937871,0.015242399992766205,28.499999999999996
window_128,L40S,0.7/0.3/0.0,0.3,0.0,15.289830438342477,7.277911858205442,0.015242399992766205,28.499999999999996
window_128,L40S,0.5/0.5/0.0,0.5,0.0,15.300358387461879,7.282912634037158,0.015242399992766205,28.499999999999996
window_128,L40S,0.3/0.3/0.4,0.3,0.4,15.824039137619046,7.5316609903618135,0.015242399992766205,28.499999999999996
window_128,L40S,0.5/0.0/0.5,0.0,0.5,15.915745249965735,7.57522139372649,0.015242399992766205,28.499999999999996
window_128,RTX_5090,1.0/0.0/0.0,0.0,0.0,7.189348651114297,3.422125399778675,0.007184790499383511,28.499999999999996
window_128,RTX_5090,0.7/0.3/0.0,0.3,0.0,7.228345654915795,3.440648976584386,0.007184790499383511,28.499999999999996
window_128,RTX_5090,0.5/0.5/0.0,0.5,0.0,7.23967915035563,3.4460323869183074,0.007184790499383511,28.499999999999996
window_128,RTX_5090,0.3/0.3/0.4,0.3,0.4,7.764198122708736,3.695178898786033,0.007184790499383511,28.499999999999996
window_128,RTX_5090,0.5/0.0/0.5,0.0,0.5,7.855066012859485,3.7383411466076386,0.007184790499383511,28.499999999999996
window_128,MI300X,1.0/0.0/0.0,0.0,0.0,2.4281007708480367,1.1557744274724204,0.0024265613196031103,28.499999999999996
window_128,MI300X,0.7/0.3/0.0,0.3,0.0,2.4523991958387086,1.1673161793429896,0.0024265613196031103,28.499999999999996
window_128,MI300X,0.5/0.5/0.0,0.5,0.0,2.4535614920940985,1.1678682700643,0.0024265613196031103,28.499999999999996
window_128,MI300X,0.3/0.3/0.4,0.3,0.4,2.989222351938871,1.4223071784905668,0.0024265613196031103,28.499999999999996
window_128,MI300X,0.5/0.0/0.5,0.0,0.5,3.0950240691108286,1.4725629941472467,0.0024265613196031103,28.499999999999996
window_128,MI325X,1.0/0.0/0.0,0.0,0.0,2.144822347582432,1.020934077600638,0.0021434624989827475,28.499999999999996
window_128,MI325X,0.7/0.3/0.0,0.3,0.0,2.1691642194463494,1.0324964667359986,0.0021434624989827475,28.499999999999996
window_128,MI325X,0.5/0.5/0.0,0.5,0.0,2.170354818042956,1.0330620010693867,0.0021434624989827475,28.499999999999996
window_128,MI325X,0.3/0.3/0.4,0.3,0.4,2.706045128274382,1.287514898429314,0.0021434624989827475,28.499999999999996
window_128,MI325X,0.5/0.0/0.5,0.0,0.5,2.811817395059686,1.3377567251523335,0.0021434624989827475,28.499999999999996
window_128,MI350X,1.0/0.0/0.0,0.0,0.0,1.6086167606868242,0.7657005582004786,0.0016075968742370605,28.499999999999996
window_128,MI350X,0.7/0.3/0.0,0.3,0.0,1.6330408712750988,0.777302010729909,0.0016075968742370605,28.499999999999996
window_128,MI350X,0.5/0.5/0.0,0.5,0.0,1.6342850421604358,0.777892991900444,0.0016075968742370605,28.499999999999996
window_128,MI350X,0.3/0.3/0.4,0.3,0.4,2.1700310977666,1.032372368313372,0.0016075968742370605,28.499999999999996
window_128,MI350X,0.5/0.0/0.5,0.0,0.5,2.2757476191771655,1.0825877159833908,0.0016075968742370605,28.499999999999996
window_128,TPU_v5e,1.0/0.0/0.0,0.0,0.0,16.070473784812762,7.649535332656488,0.01606028487042683,28.499999999999996
window_128,TPU_v5e,0.7/0.3/0.0,0.3,0.0,16.06806538377402,7.6483913421630865,0.01606028487042683,28.499999999999996
window_128,TPU_v5e,0.5/0.5/0.0,0.5,0.0,16.066403429376603,7.647601913824315,0.01606028487042683,28.499999999999996
window_128,TPU_v6e,1.0/0.0/0.0,0.0,0.0,8.035236892406381,3.824767666328244,0.008030142435213414,28.499999999999996
window_128,TPU_v6e,0.7/0.3/0.0,0.3,0.0,8.03403269188701,3.8241956710815432,0.008030142435213414,28.499999999999996
window_128,TPU_v6e,0.5/0.5/0.0,0.5,0.0,8.033201714688301,3.8238009569121574,0.008030142435213414,28.499999999999996
window_128,TPU_v7,1.0/0.0/0.0,0.0,0.0,1.7461240278825774,0.8311539302040473,0.0017450169598231323,28.499999999999996
window_128,TPU_v7,0.7/0.3/0.0,0.3,0.0,1.7458623450610975,0.8310296308638444,0.0017450169598231323,28.499999999999996
window_128,TPU_v7,0.5/0.5/0.0,0.5,0.0,1.7456817667816125,0.830943856181089,0.0017450169598231323,28.499999999999996
window_128,Gaudi_3,1.0/0.0/0.0,0.0,0.0,3.478090293376917,1.6555687744875212,0.003475885133485536,28.499999999999996
window_128,Gaudi_3,0.7/0.3/0.0,0.3,0.0,3.5022276797640544,1.6670340330214113,0.003475885133485536,28.499999999999996
window_128,Gaudi_3,0.5/0.5/0.0,0.5,0.0,3.5032850715886816,1.6675362941381093,0.003475885133485536,28.499999999999996
window_128,Gaudi_3,0.3/0.3/0.4,0.3,0.4,4.038836771699137,1.9219233516905758,0.003475885133485536,28.499999999999996
window_128,Gaudi_3,0.5/0.0/0.5,0.0,0.5,4.144747648605412,1.972231018221056,0.003475885133485536,28.499999999999996
window_128,M4_Max,1.0/0.0/0.0,0.0,0.0,24.13514377938913,11.525674041505487,0.06148074629565217,28.499999999999996
window_128,M4_Max,0.7/0.3/0.0,0.3,0.0,24.131526766840103,11.5239559605447,0.06148074629565217,28.499999999999996
window_128,M4_Max,0.5/0.5/0.0,0.5,0.0,24.129030791371456,11.522770372197094,0.06148074629565217,28.499999999999996
window_128,Snapdragon_X_Elite,1.0/0.0/0.0,0.0,0.0,96.89550370254753,46.14832575130138,0.12296149259130434,28.499999999999996
window_128,Snapdragon_X_Elite,0.7/0.3/0.0,0.3,0.0,96.88098246099042,46.14142816156175,0.12296149259130434,28.499999999999996
window_128,Snapdragon_X_Elite,0.5/0.5/0.0,0.5,0.0,96.87096185359424,46.136668373048565,0.12296149259130434,28.499999999999996
window_256,A100_80GB,1.0/0.0/0.0,0.0,0.0,6.436764895915985,3.063893713057041,0.006430387496948242,51.5
window_256,A100_80GB,0.7/0.3/0.0,0.3,0.0,6.4912538591184115,3.0897759705781938,0.006430387496948242,51.5
window_256,A100_80GB,0.5/0.5/0.0,0.5,0.0,6.52290331689935,3.1048094630241394,0.006430387496948242,51.5
window_256,A100_80GB,0.3/0.3/0.4,0.3,0.4,7.406177136458848,3.5243645273149014,0.006430387496948242,51.5
window_256,A100_80GB,0.5/0.0/0.5,0.0,0.5,7.572124857651559,3.603189694881439,0.006430387496948242,51.5
window_256,H100_SXM,1.0/0.0/0.0,0.0,0.0,3.8428447139796926,1.8291902764519647,0.0038390373116108907,51.5
window_256,H100_SXM,0.7/0.3/0.0,0.3,0.0,3.8713661202837515,1.8427379444463927,0.0038390373116108907,51.5
window_256,H100_SXM,0.5/0.5/0.0,0.5,0.0,3.8856443531009406,1.8495201050345575,0.0038390373116108907,51.5
window_256,H100_SXM,0.3/0.3/0.4,0.3,0.4,4.787191748150858,2.2777551176832684,0.0038390373116108907,51.5
window_256,H100_SXM,0.5/0.0/0.5,0.0,0.5,4.979324433715533,2.369018143326489,0.0038390373116108907,51.5
window_256,H200,1.0/0.0/0.0,0.0,0.0,2.681985373298327,1.276622380440434,0.0026793281237284345,51.5
window_256,H200,0.7/0.3/0.0,0.3,0.0,2.710808342486097,1.2903132908046246,0.0026793281237284345,51.5
window_256,H200,0.5/0.5/0.0,0.5,0.0,2.725286138685126,1.2971902439991634,0.0026793281237284345,51.5
window_256,H200,0.3/0.3/0.4,0.3,0.4,3.6270378000642123,1.7255222831542294,0.0026793281237284345,51.5
window_256,H200,0.5/0.0/0.5,0.0,0.5,3.818966219299718,1.8166882822910946,0.0026793281237284345,51.5
window_256,B200,1.0/0.0/0.0,0.0,0.0,1.6091912239789963,0.7659734282642603,0.0016075968742370605,51.5
window_256,B200,0.7/0.3/0.0,0.3,0.0,1.6382928788661957,0.77979671433568,0.0016075968742370605,51.5
window_256,B200,0.5/0.5/0.0,0.5,0.0,1.6529550991560285,0.7867612689733505,0.0016075968742370605,51.5
window_256,B200,0.3/0.3/0.4,0.3,0.4,2.5548955307979333,1.2151829740032554,0.0016075968742370605,51.5
window_256,B200,0.5/0.0/0.5,0.0,0.5,2.74663517977062,1.3062593072652817,0.0016075968742370605,51.5
window_256,B300,1.0/0.0/0.0,0.0,0.0,1.6091912239789963,0.7659734282642603,0.0016075968742370605,51.5
window_256,B300,0.7/0.3/0.0,0.3,0.0,1.6382928788661957,0.77979671433568,0.0016075968742370605,51.5
window_256,B300,0.5/0.5/0.0,0.5,0.0,1.6529550991560285,0.7867612689733505,0.0016075968742370605,51.5
window_256,B300,0.3/0.3/0.4,0.3,0.4,2.5548955307979333,1.2151829740032554,0.0016075968742370605,51.5
window_256,B300,0.5/0.0/0.5,0.0,0.5,2.74663517977062,1.3062593072652817,0.0016075968742370605,51.5
window_256,L40S,1.0/0.0/0.0,0.0,0.0,15.257516790319372,7.262562875394467,0.015242399992766205,51.5
window_256,L40S,0.7/0.3/0.0,0.3,0.0,15.309714337770934,7.28735671043396,0.015242399992766205,51.5
window_256,L40S,0.5/0.5/0.0,0.5,0.0,15.339847419694152,7.301669924347489,0.015242399992766205,51.5
window_256,L40S,0.3/0.3/0.4,0.3,0.4,16.22156912820381,7.720487735889575,0.015242399992766205,51.5
window_256,L40S,0.5/0.0/0.5,0.0,0.5,16.389068960446366,7.800050156204788,0.015242399992766205,51.5
window_256,RTX_5090,1.0/0.0/0.0,0.0,0.0,7.1919160848223305,3.42334493078999,0.007184790499383511,51.5
window_256,RTX_5090,0.7/0.3/0.0,0.3,0.0,7.246208878202811,3.4491340076457186,0.007184790499383511,51.5
window_256,RTX_5090,0.5/0.5/0.0,0.5,0.0,7.277728517908659,3.464105836505996,0.007184790499383511,51.5
window_256,RTX_5090,0.3/0.3/0.4,0.3,0.4,8.160869460076453,3.8835977840356986,0.007184790499383511,51.5
window_256,RTX_5090,0.5/0.0/0.5,0.0,0.5,8.32695005866087,3.962486068363296,0.007184790499383511,51.5
window_256,MI300X,1.0/0.0/0.0,0.0,0.0,2.428967885251315,1.1561863068139777,0.0024265613196031103,51.5
window_256,MI300X,0.7/0.3/0.0,0.3,0.0,2.4578565821983847,1.1699084378638358,0.0024265613196031103,51.5
window_256,MI300X,0.5/0.5/0.0,0.5,0.0,2.4723778746452445,1.1768060517760943,0.0024265613196031103,51.5
window_256,MI300X,0.3/0.3/0.4,0.3,0.4,3.3741740573127315,1.6051592385431506,0.0024265613196031103,51.5
window_256,MI300X,0.5/0.0/0.5,0.0,0.5,3.5660579552598364,1.6963040900680253,0.0024265613196031103,51.5
window_256,MI325X,1.0/0.0/0.0,0.0,0.0,2.1455882986386614,1.021297904352347,0.0021434624989827475,51.5
window_256,MI325X,0.7/0.3/0.0,0.3,0.0,2.174550610676146,1.0350550025701521,0.0021434624989827475,51.5
window_256,MI325X,0.5/0.5/0.0,0.5,0.0,2.1891206189205774,1.0419757564862568,0.0021434624989827475,51.5
window_256,MI325X,0.3/0.3/0.4,0.3,0.4,3.090966665431073,1.4703526285787423,0.0021434624989827475,51.5
window_256,MI325X,0.5/0.0/0.5,0.0,0.5,3.2828006995351693,1.561473794778188,0.0021434624989827475,51.5
window_256,MI350X,1.0/0.0/0.0,0.0,0.0,1.6091912239789963,0.7659734282642603,0.0016075968742370605,51.5
window_256,MI350X,0.7/0.3/0.0,0.3,0.0,1.6382928788661957,0.77979671433568,0.0016075968742370605,51.5
window_256,MI350X,0.5/0.5/0.0,0.5,0.0,1.6529550991560285,0.7867612689733505,0.0016075968742370605,51.5
window_256,MI350X,0.3/0.3/0.4,0.3,0.4,2.5548955307979333,1.2151829740032554,0.0016075968742370605,51.5
window_256,MI350X,0.5/0.0/0.5,0.0,0.5,2.74663517977062,1.3062593072652817,0.0016075968742370605,51.5
window_256,TPU_v5e,1.0/0.0/0.0,0.0,0.0,16.076212813214557,7.652261371147342,0.01606028487042683,51.5
window_256,TPU_v5e,0.7/0.3/0.0,0.3,0.0,16.072054156595996,7.650286009253525,0.01606028487042683,51.5
window_256,TPU_v5e,0.5/0.5/0.0,0.5,0.0,16.069272943577502,7.648964933069741,0.01606028487042683,51.5
window_256,TPU_v6e,1.0/0.0/0.0,0.0,0.0,8.038106406607278,3.826130685573671,0.008030142435213414,51.5
window_256,TPU_v6e,0.7/0.3/0.0,0.3,0.0,8.036027078297998,3.8251430046267627,0.008030142435213414,51.5
window_256,TPU_v6e,0.5/0.5/0.0,0.5,0.0,8.034636471788751,3.8244824665348705,0.008030142435213414,51.5
window_256,TPU_v7,1.0/0.0/0.0,0.0,0.0,1.7467475972634965,0.831450125659984,0.0017450169598231323,51.5
window_256,TPU_v7,0.7/0.3/0.0,0.3,0.0,1.7462957418706428,0.8312354943483784,0.0017450169598231323,51.5
window_256,TPU_v7,0.5/0.5/0.0,0.5,0.0,1.7459935514720724,0.8310919539090574,0.0017450169598231323,51.5
window_256,Gaudi_3,1.0/0.0/0.0,0.0,0.0,3.4793323761708024,1.6561587638146167,0.003475885133485536,51.5
window_256,Gaudi_3,0.7/0.3/0.0,0.3,0.0,3.507948214095483,1.66975128682884,0.003475885133485536,51.5
window_256,Gaudi_3,0.5/0.5/0.0,0.5,0.0,3.522288938335131,1.6765631308426727,0.003475885133485536,51.5
window_256,Gaudi_3,0.3/0.3/0.4,0.3,0.4,4.423900297491852,2.104828526442115,0.003475885133485536,51.5
window_256,Gaudi_3,0.5/0.0/0.5,0.0,0.5,4.615969018949723,2.196061169134604,0.003475885133485536,51.5
window_256,M4_Max,1.0/0.0/0.0,0.0,0.0,24.143762833032852,11.529768091986258,0.06148074629565217,51.5
window_256,M4_Max,0.7/0.3/0.0,0.3,0.0,24.137517231517794,11.526801431266605,0.06148074629565217,51.5
window_256,M4_Max,0.5/0.5/0.0,0.5,0.0,24.13334031819332,11.524817397437479,0.06148074629565217,51.5
window_256,Snapdragon_X_Elite,1.0/0.0/0.0,0.0,0.0,96.9301066679113,46.16476215984917,0.12296149259130434,51.5
window_256,Snapdragon_X_Elite,0.7/0.3/0.0,0.3,0.0,96.90503241476999,46.15285188960704,0.12296149259130434,51.5
window_256,Snapdragon_X_Elite,0.5/0.5/0.0,0.5,0.0,96.88826333627613,46.14488657732246,0.12296149259130434,51.5
window_512,A100_80GB,1.0/0.0/0.0,0.0,0.0,6.438662205871783,3.064794935286045,0.006430387496948242,72.5
window_512,A100_80GB,0.7/0.3/0.0,0.3,0.0,6.51549767036187,3.1012917809188365,0.006430387496948242,72.5
window_512,A100_80GB,0.5/0.5/0.0,0.5,0.0,6.554208931170011,3.119679629802704,0.006430387496948242,72.5
window_512,A100_80GB,0.3/0.3/0.4,0.3,0.4,7.7362552567532195,3.6811516344547273,0.006430387496948242,72.5
window_512,A100_80GB,0.5/0.0/0.5,0.0,0.5,7.961642591576827,3.788210618495941,0.006430387496948242,72.5
window_512,H100_SXM,1.0/0.0/0.0,0.0,0.0,3.843977436341363,1.8297283195737581,0.0038390373116108907,72.5
window_512,H100_SXM,0.7/0.3/0.0,0.3,0.0,3.886078653800047,1.8497263978666332,0.0038390373116108907,72.5
window_512,H100_SXM,0.5/0.5/0.0,0.5,0.0,3.901389193928157,1.8569989044274855,0.0038390373116108907,72.5
window_512,H100_SXM,0.3/0.3/0.4,0.3,0.4,5.108040222293827,2.4301581429011785,0.0038390373116108907,72.5
window_512,H100_SXM,0.5/0.0/0.5,0.0,0.5,5.368459873843736,2.5538574773873854,0.0038390373116108907,72.5
window_512,H200,1.0/0.0/0.0,0.0,0.0,2.682775919113243,1.276997889702519,0.0026793281237284345,72.5
window_512,H200,0.7/0.3/0.0,0.3,0.0,2.7252822930091303,1.2971884173030654,0.0026793281237284345,72.5
window_512,H200,0.5/0.5/0.0,0.5,0.0,2.7408598912389652,1.3045877764622371,0.0026793281237284345,72.5
window_512,H200,0.3/0.3/0.4,0.3,0.4,3.947782680653689,1.877876101434231,0.0026793281237284345,72.5
window_512,H200,0.5/0.0/0.5,0.0,0.5,4.207930571154544,2.001446349422137,0.0026793281237284345,72.5
window_512,B200,1.0/0.0/0.0,0.0,0.0,1.6096655514679457,0.7661987338215113,0.0016075968742370605,72.5
window_512,B200,0.7/0.3/0.0,0.3,0.0,1.652546345795456,0.7865671111270786,0.0016075968742370605,72.5
window_512,B200,0.5/0.5/0.0,0.5,0.0,1.6683707425468846,0.7940836995840073,0.0016075968742370605,72.5
window_512,B200,0.3/0.3/0.4,0.3,0.4,2.875544676655217,1.367491318285465,0.0016075968742370605,72.5
window_512,B200,0.5/0.0/0.5,0.0,0.5,3.1354414224624634,1.4909422725439072,0.0016075968742370605,72.5
window_512,B300,1.0/0.0/0.0,0.0,0.0,1.6096655514679457,0.7661987338215113,0.0016075968742370605,72.5
window_512,B300,0.7/0.3/0.0,0.3,0.0,1.652546345795456,0.7865671111270786,0.0016075968742370605,72.5
window_512,B300,0.5/0.5/0.0,0.5,0.0,1.6683707425468846,0.7940836995840073,0.0016075968742370605,72.5
window_512,B300,0.3/0.3/0.4,0.3,0.4,2.875544676655217,1.367491318285465,0.0016075968742370605,72.5
window_512,B300,0.5/0.0/0.5,0.0,0.5,3.1354414224624634,1.4909422725439072,0.0016075968742370605,72.5
window_512,L40S,1.0/0.0/0.0,0.0,0.0,15.262014117622003,7.264699105863217,0.015242399992766205,72.5
window_512,L40S,0.7/0.3/0.0,0.3,0.0,15.335771014118754,7.299733631699174,0.015242399992766205,72.5
window_512,L40S,0.5/0.5/0.0,0.5,0.0,15.372453042638233,7.317157595245926,0.015242399992766205,72.5
window_512,L40S,0.3/0.3/0.4,0.3,0.4,16.552434400740655,7.8776487403445765,0.015242399992766205,72.5
window_512,L40S,0.5/0.0/0.5,0.0,0.5,16.779886703045047,7.985688583939163,0.015242399992766205,72.5
window_512,RTX_5090,1.0/0.0/0.0,0.0,0.0,7.194035984214283,3.4243518830011674,0.007184790499383511,72.5
window_512,RTX_5090,0.7/0.3/0.0,0.3,0.0,7.270607890188256,3.460723538338805,0.007184790499383511,72.5
window_512,RTX_5090,0.5/0.5/0.0,0.5,0.0,7.309145426897398,3.4790288682756474,0.007184790499383511,72.5
window_512,RTX_5090,0.3/0.3/0.4,0.3,0.4,8.491014969064992,4.040416900805255,0.007184790499383511,72.5
window_512,RTX_5090,0.5/0.0/0.5,0.0,0.5,8.716579087304215,4.147559856968885,0.007184790499383511,72.5
window_512,MI300X,1.0/0.0/0.0,0.0,0.0,2.429683851272371,1.1565263906739793,0.0024265613196031103,72.5
window_512,MI300X,0.7/0.3/0.0,0.3,0.0,2.4722785318738296,1.1767588639596722,0.0024265613196031103,72.5
window_512,MI300X,0.5/0.5/0.0,0.5,0.0,2.487914337302154,1.1841858715381262,0.0024265613196031103,72.5
window_512,MI300X,0.3/0.3/0.4,0.3,0.4,3.6948963589559365,1.7575023318236729,0.0024265613196031103,72.5
window_512,MI300X,0.5/0.0/0.5,0.0,0.5,3.9549850172177328,1.881044444498026,0.0024265613196031103,72.5
window_512,MI325X,1.0/0.0/0.0,0.0,0.0,2.1462207352905938,1.0215983117620149,0.0021434624989827475,72.5
window_512,MI325X,0.7/0.3/0.0,0.3,0.0,2.188914319402293,1.0418777642150718,0.0021434624989827475,72.5
window_512,MI325X,0.5/0.5/0.0,0.5,0.0,2.2046153168929252,1.049335738023122,0.0021434624989827475,72.5
window_512,MI325X,0.3/0.3/0.4,0.3,0.4,3.411663678654453,1.622683709859848,0.0021434624989827475,72.5
window_512,MI325X,0.5/0.0/0.5,0.0,0.5,3.671685996808504,1.746194310983022,0.0021434624989827475,72.5
window_512,MI350X,1.0/0.0/0.0,0.0,0.0,1.6096655514679457,0.7661987338215113,0.0016075968742370605,72.5
window_512,MI350X,0.7/0.3/0.0,0.3,0.0,1.652546345795456,0.7865671111270786,0.0016075968742370605,72.5
window_512,MI350X,0.5/0.5/0.0,0.5,0.0,1.6683707425468846,0.7940836995840073,0.0016075968742370605,72.5
window_512,MI350X,0.3/0.3/0.4,0.3,0.4,2.875544676655217,1.367491318285465,0.0016075968742370605,72.5
window_512,MI350X,0.5/0.0/0.5,0.0,0.5,3.1354414224624634,1.4909422725439072,0.0016075968742370605,72.5
window_512,TPU_v5e,1.0/0.0/0.0,0.0,0.0,16.080951460518797,7.654512228616855,0.01606028487042683,72.5
window_512,TPU_v5e,0.7/0.3/0.0,0.3,0.0,16.075388211799982,7.65186968547542,0.01606028487042683,72.5
window_512,TPU_v5e,0.5/0.5/0.0,0.5,0.0,16.07164226722962,7.650090361804497,0.01606028487042683,72.5
window_512,TPU_v6e,1.0/0.0/0.0,0.0,0.0,8.040475730259399,3.8272561143084274,0.008030142435213414,72.5
window_512,TPU_v6e,0.7/0.3/0.0,0.3,0.0,8.037694105899991,3.82593484273771,0.008030142435213414,72.5
window_512,TPU_v6e,0.5/0.5/0.0,0.5,0.0,8.03582113361481,3.8250451809022485,0.008030142435213414,72.5
window_512,TPU_v7,1.0/0.0/0.0,0.0,0.0,1.747262471064256,0.8316946907153446,0.0017450169598231323,72.5
window_512,TPU_v7,0.7/0.3/0.0,0.3,0.0,1.746658000879302,0.8314075673774916,0.0017450169598231323,72.5
window_512,TPU_v7,0.5/0.5/0.0,0.5,0.0,1.746250988372452,0.8312142364367378,0.0017450169598231323,72.5
window_512,Gaudi_3,1.0/0.0/0.0,0.0,0.0,3.4803579491198824,1.6566459109654297,0.003475885133485536,72.5
window_512,Gaudi_3,0.7/0.3/0.0,0.3,0.0,3.5225860375598343,1.676704252974407,0.003475885133485536,72.5
window_512,Gaudi_3,0.5/0.5/0.0,0.5,0.0,3.537980204456052,1.6840164822501105,0.003475885133485536,72.5
window_512,Gaudi_3,0.3/0.3/0.4,0.3,0.4,4.744716332274176,2.2572161429637188,0.003475885133485536,72.5
window_512,Gaudi_3,0.5/0.0/0.5,0.0,0.5,5.005050884371631,2.3808750552100104,0.003475885133485536,72.5
window_512,M4_Max,1.0/0.0/0.0,0.0,0.0,24.150879482830426,11.533148500640104,0.06148074629565217,72.5
window_512,M4_Max,0.7/0.3/0.0,0.3,0.0,24.14252442065199,11.529179846105349,0.06148074629565217,72.5
window_512,M4_Max,0.5/0.5/0.0,0.5,0.0,24.136898643092103,11.526507601764402,0.06148074629565217,72.5
window_512,Snapdragon_X_Elite,1.0/0.0/0.0,0.0,0.0,96.95867792371627,46.17833350635652,0.12296149259130434,72.5
window_512,Snapdragon_X_Elite,0.7/0.3/0.0,0.3,0.0,96.9251348064411,46.16240052565082,0.12296149259130434,72.5
window_512,Snapdragon_X_Elite,0.5/0.5/0.0,0.5,0.0,96.90254896417859,46.151672250576134,0.12296149259130434,72.5
window_1024,A100_80GB,1.0/0.0/0.0,0.0,0.0,6.438679993152618,3.064803384244442,0.006430387496948242,77.0
window_1024,A100_80GB,0.7/0.3/0.0,0.3,0.0,6.515699259544673,3.101387535780668,0.006430387496948242,77.0
window_1024,A100_80GB,0.5/0.5/0.0,0.5,0.0,6.554502421303799,3.119819037616253,0.006430387496948242,77.0
window_1024,A100_80GB,0.3/0.3/0.4,0.3,0.4,7.738879473585832,3.6823981374502184,0.006430387496948242,77.0
window_1024,A100_80GB,0.5/0.0/0.5,0.0,0.5,7.965294320332377,3.7899451896548273,0.006430387496948242,77.0
window_1024,H100_SXM,1.0/0.0/0.0,0.0,0.0,3.8439880556135035,1.8297333637280249,0.0038390373116108907,77.0
window_1024,H100_SXM,0.7/0.3/0.0,0.3,0.0,3.8861805988125977,1.8497748217475947,0.0038390373116108907,77.0
window_1024,H100_SXM,0.5/0.5/0.0,0.5,0.0,3.9015368018109124,1.8570690181717944,0.0038390373116108907,77.0
window_1024,H100_SXM,0.3/0.3/0.4,0.3,0.4,5.110567184292418,2.431358449850509,0.0038390373116108907,77.0
window_1024,H100_SXM,0.5/0.0/0.5,0.0,0.5,5.372108018594938,2.555590346144206,0.0038390373116108907,77.0
window_1024,H200,1.0/0.0/0.0,0.0,0.0,2.682783330480258,1.277001410101851,0.0026793281237284345,77.0
window_1024,H200,0.7/0.3/0.0,0.3,0.0,2.7253820994182636,1.2972358253474037,0.0026793281237284345,77.0
window_1024,H200,0.5/0.5/0.0,0.5,0.0,2.741005895169158,1.3046571283290784,0.0026793281237284345,77.0
window_1024,H200,0.3/0.3/0.4,0.3,0.4,3.9503085733505725,1.8790759004652502,0.0026793281237284345,77.0
window_1024,H200,0.5/0.0/0.5,0.0,0.5,4.211577111953184,2.0031784563014905,0.0026793281237284345,77.0
window_1024,B200,1.0/0.0/0.0,0.0,0.0,1.6096699982881546,0.7662008460611105,0.0016075968742370605,77.0
window_1024,B200,0.7/0.3/0.0,0.3,0.0,1.6526441758400514,0.7866135803982616,0.0016075968742370605,77.0
window_1024,B200,0.5/0.5/0.0,0.5,0.0,1.6685152642036738,0.7941523473709822,0.0016075968742370605,77.0
window_1024,B200,0.3/0.3/0.4,0.3,0.4,2.878069581169831,1.3686906479299068,0.0016075968742370605,77.0
window_1024,B200,0.5/0.0/0.5,0.0,0.5,3.1390864809876993,1.4926736753433942,0.0016075968742370605,77.0
window_1024,B300,1.0/0.0/0.0,0.0,0.0,1.6096699982881546,0.7662008460611105,0.0016075968742370605,77.0
window_1024,B300,0.7/0.3/0.0,0.3,0.0,1.6526441758400514,0.7866135803982616,0.0016075968742370605,77.0
window_1024,B300,0.5/0.5/0.0,0.5,0.0,1.6685152642036738,0.7941523473709822,0.0016075968742370605,77.0
window_1024,B300,0.3/0.3/0.4,0.3,0.4,2.878069581169831,1.3686906479299068,0.0016075968742370605,77.0
window_1024,B300,0.5/0.0/0.5,0.0,0.5,3.1390864809876993,1.4926736753433942,0.0016075968742370605,77.0
window_1024,L40S,1.0/0.0/0.0,0.0,0.0,15.262056280065465,7.264719133023862,0.015242399992766205,77.0
window_1024,L40S,0.7/0.3/0.0,0.3,0.0,15.335988853409974,7.299837105362504,0.015242399992766205,77.0
window_1024,L40S,0.5/0.5/0.0,0.5,0.0,15.372758720353334,7.317302792160599,0.015242399992766205,77.0
window_1024,L40S,0.3/0.3/0.4,0.3,0.4,16.555066742627478,7.878899102740817,0.015242399992766205,77.0
window_1024,L40S,0.5/0.0/0.5,0.0,0.5,16.783550619381913,7.9874289441991735,0.015242399992766205,77.0
window_1024,RTX_5090,1.0/0.0/0.0,0.0,0.0,7.194055858271081,3.424361323178147,0.007184790499383511,77.0
window_1024,RTX_5090,0.7/0.3/0.0,0.3,0.0,7.270810870555035,3.460819954013025,0.007184790499383511,77.0
window_1024,RTX_5090,0.5/0.5/0.0,0.5,0.0,7.309439960419167,3.479168771698488,0.007184790499383511,77.0
window_1024,RTX_5090,0.3/0.3/0.4,0.3,0.4,8.493639881489592,4.04166373420694,0.007184790499383511,77.0
window_1024,RTX_5090,0.5/0.0/0.5,0.0,0.5,8.720231859447745,4.149294923737063,0.007184790499383511,77.0
window_1024,MI300X,1.0/0.0/0.0,0.0,0.0,2.429690563453818,1.1565295789601668,0.0024265613196031103,77.0
window_1024,MI300X,0.7/0.3/0.0,0.3,0.0,2.472377872159251,1.1768060505952473,0.0024265613196031103,77.0
window_1024,MI300X,0.5/0.5/0.0,0.5,0.0,2.4880599916395627,1.1842550573483952,0.0024265613196031103,77.0
window_1024,MI300X,0.3/0.3/0.4,0.3,0.4,3.697422018590963,1.7587020201503105,0.0024265613196031103,77.0
window_1024,MI300X,0.5/0.0/0.5,0.0,0.5,3.958631208423588,1.8827763853208075,0.0024265613196031103,77.0
window_1024,MI325X,1.0/0.0/0.0,0.0,0.0,2.146226664384206,1.0216011280814805,0.0021434624989827475,77.0
window_1024,MI325X,0.7/0.3/0.0,0.3,0.0,2.189013137629157,1.0419247028728325,0.0021434624989827475,77.0
window_1024,MI325X,0.5/0.5/0.0,0.5,0.0,2.2047605796864156,1.0494047378500302,0.0021434624989827475,77.0
window_1024,MI325X,0.3/0.3/0.4,0.3,0.4,3.4141890772602013,1.6238832741975784,0.0021434624989827475,77.0
window_1024,MI325X,0.5/0.0/0.5,0.0,0.5,3.675331796470441,1.7479260658224423,0.0021434624989827475,77.0
window_1024,MI350X,1.0/0.0/0.0,0.0,0.0,1.6096699982881546,0.7662008460611105,0.0016075968742370605,77.0
window_1024,MI350X,0.7/0.3/0.0,0.3,0.0,1.6526441758400514,0.7866135803982616,0.0016075968742370605,77.0
window_1024,MI350X,0.5/0.5/0.0,0.5,0.0,1.6685152642036738,0.7941523473709822,0.0016075968742370605,77.0
window_1024,MI350X,0.3/0.3/0.4,0.3,0.4,2.878069581169831,1.3686906479299068,0.0016075968742370605,77.0
window_1024,MI350X,0.5/0.0/0.5,0.0,0.5,3.1390864809876993,1.4926736753433942,0.0016075968742370605,77.0
window_1024,TPU_v5e,1.0/0.0/0.0,0.0,0.0,16.08099588533727,7.654533330405631,0.01606028487042683,77.0
window_1024,TPU_v5e,0.7/0.3/0.0,0.3,0.0,16.075417828345635,7.651883753334604,0.01606028487042683,77.0
window_1024,TPU_v5e,0.5/0.5/0.0,0.5,0.0,16.07166447963886,7.6501009126988855,0.01606028487042683,77.0
window_1024,TPU_v6e,1.0/0.0/0.0,0.0,0.0,8.040497942668635,3.8272666652028153,0.008030142435213414,77.0
window_1024,TPU_v6e,0.7/0.3/0.0,0.3,0.0,8.037708914172818,3.825941876667302,0.008030142435213414,77.0
window_1024,TPU_v6e,0.5/0.5/0.0,0.5,0.0,8.03583223981943,3.8250504563494427,0.008030142435213414,77.0
window_1024,TPU_v7,1.0/0.0/0.0,0.0,0.0,1.747267298006138,0.8316969835127386,0.0017450169598231323,77.0
window_1024,TPU_v7,0.7/0.3/0.0,0.3,0.0,1.7466612188405566,0.8314090959090875,0.0017450169598231323,77.0
window_1024,TPU_v7,0.5/0.5/0.0,0.5,0.0,1.7462534018433928,0.8312153828354347,0.0017450169598231323,77.0
window_1024,Gaudi_3,1.0/0.0/0.0,0.0,0.0,3.48036756386628,1.6566504779699684,0.003475885133485536,77.0
window_1024,Gaudi_3,0.7/0.3/0.0,0.3,0.0,3.5226873128885563,1.6767523587555497,0.003475885133485536,77.0
window_1024,Gaudi_3,0.5/0.5/0.0,0.5,0.0,3.5381273100759363,1.6840863574195553,0.003475885133485536,77.0
window_1024,Gaudi_3,0.3/0.3/0.4,0.3,0.4,4.747242959430852,2.25841629086314,0.003475885133485536,77.0
window_1024,Gaudi_3,0.5/0.0/0.5,0.0,0.5,5.008698526859962,2.3826076853919673,0.003475885133485536,77.0
window_1024,M4_Max,1.0/0.0/0.0,0.0,0.0,24.150946201422276,11.533180191971233,0.06148074629565217,77.0
window_1024,M4_Max,0.7/0.3/0.0,0.3,0.0,24.142568899713226,11.529200973659435,0.06148074629565217,77.0
window_1024,M4_Max,0.5/0.5/0.0,0.5,0.0,24.136932002388033,11.526523447429968,0.06148074629565217,77.0
window_1024,Snapdragon_X_Elite,1.0/0.0/0.0,0.0,0.0,96.95894577923943,46.17846073773003,0.12296149259130434,77.0
window_1024,Snapdragon_X_Elite,0.7/0.3/0.0,0.3,0.0,96.92531337678986,46.162485346566484,0.12296149259130434,77.0
window_1024,Snapdragon_X_Elite,0.5/0.5/0.0,0.5,0.0,96.90268289194019,46.15173586626289,0.12296149259130434,77.0
h2o_128,A100_80GB,1.0/0.0/0.0,0.0,0.0,6.434376788766761,3.0627593621611595,0.006430387496948242,46.5
h2o_128,A100_80GB,0.7/0.3/0.0,0.3,0.0,6.4727901016411025,3.081005685776472,0.006430387496948242,46.5
h2o_128,A100_80GB,0.5/0.5/0.0,0.5,0.0,6.483499548937145,3.086092673242092,0.006430387496948242,46.5
h2o_128,A100_80GB,0.3/0.3/0.4,0.3,0.4,6.990357580937837,3.326850238442421,0.006430387496948242,46.5
h2o_128,A100_80GB,0.5/0.0/0.5,0.0,0.5,7.081846459915764,3.370307455956936,0.006430387496948242,46.5
h2o_128,H100_SXM,1.0/0.0/0.0,0.0,0.0,3.8414189783682153,1.8285130520365132,0.0038390373116108907,46.5
h2o_128,H100_SXM,0.7/0.3/0.0,0.3,0.0,3.865153087000161,1.8397867536366874,0.0038390373116108907,46.5
h2o_128,H100_SXM,0.5/0.5/0.0,0.5,0.0,3.8658266281014058,1.8401066856597785,0.0038390373116108907,46.5
h2o_128,H100_SXM,0.3/0.3/0.4,0.3,0.4,4.383231021434606,2.085873772493049,0.0038390373116108907,46.5
h2o_128,H100_SXM,0.5/0.0/0.5,0.0,0.5,4.48952722174861,2.1363644676422004,0.0038390373116108907,46.5
h2o_128,H200,1.0/0.0/0.0,0.0,0.0,2.680990328652817,1.2761497342338166,0.0026793281237284345,46.5
h2o_128,H200,0.7/0.3/0.0,0.3,0.0,2.704898347326538,1.287506043103834,0.0026793281237284345,46.5
h2o_128,H200,0.5/0.5/0.0,0.5,0.0,2.7056837591685747,1.2878791137288015,0.0026793281237284345,46.5
h2o_128,H200,0.3/0.3/0.4,0.3,0.4,3.223204726189898,1.53370157306393,0.0026793281237284345,46.5
h2o_128,H200,0.5/0.0/0.5,0.0,0.5,3.3293843528157785,1.5841368957112234,0.0026793281237284345,46.5
h2o_128,B200,1.0/0.0/0.0,0.0,0.0,1.6085941971916902,0.7656898405402899,0.0016075968742370605,46.5
h2o_128,B200,0.7/0.3/0.0,0.3,0.0,1.6326629327316036,0.7771224899217487,0.0016075968742370605,46.5
h2o_128,B200,0.5/0.5/0.0,0.5,0.0,1.633551728568579,0.7775446679443121,0.0016075968742370605,46.5
h2o_128,B200,0.3/0.3/0.4,0.3,0.4,2.151180425756856,1.0234182991087437,0.0016075968742370605,46.5
h2o_128,B200,0.5/0.0/0.5,0.0,0.5,2.257252322215783,1.073802449926734,0.0016075968742370605,46.5
h2o_128,B300,1.0/0.0/0.0,0.0,0.0,1.6085941971916902,0.7656898405402899,0.0016075968742370605,46.5
h2o_128,B300,0.7/0.3/0.0,0.3,0.0,1.6326629327316036,0.7771224899217487,0.0016075968742370605,46.5
h2o_128,B300,0.5/0.5/0.0,0.5,0.0,1.633551728568579,0.7775446679443121,0.0016075968742370605,46.5
h2o_128,B300,0.3/0.3/0.4,0.3,0.4,2.151180425756856,1.0234182991087437,0.0016075968742370605,46.5
h2o_128,B300,0.5/0.0/0.5,0.0,0.5,2.257252322215783,1.073802449926734,0.0016075968742370605,46.5
h2o_128,L40S,1.0/0.0/0.0,0.0,0.0,15.25185609189158,7.2598740436412665,0.015242399992766205,46.5
h2o_128,L40S,0.7/0.3/0.0,0.3,0.0,15.288947954977234,7.277492678606952,0.015242399992766205,46.5
h2o_128,L40S,0.5/0.5/0.0,0.5,0.0,15.298807356092665,7.282175894136782,0.015242399992766205,46.5
h2o_128,L40S,0.3/0.3/0.4,0.3,0.4,15.804779606720627,7.522512713185063,0.015242399992766205,46.5
h2o_128,L40S,0.5/0.0/0.5,0.0,0.5,15.897154267071285,7.566390676851626,0.015242399992766205,46.5
h2o_128,RTX_5090,1.0/0.0/0.0,0.0,0.0,7.189247808677945,3.422077499621407,0.007184790499383511,46.5
h2o_128,RTX_5090,0.7/0.3/0.0,0.3,0.0,7.227547991244241,3.440270086340398,0.007184790499383511,46.5
h2o_128,RTX_5090,0.5/0.5/0.0,0.5,0.0,7.238184665448874,3.4453225065875985,0.007184790499383511,46.5
h2o_128,RTX_5090,0.3/0.3/0.4,0.3,0.4,7.744966865041542,3.686044051394116,0.007184790499383511,46.5
h2o_128,RTX_5090,0.5/0.0/0.5,0.0,0.5,7.836531576427491,3.729537289302442,0.007184790499383511,46.5
h2o_128,MI300X,1.0/0.0/0.0,0.0,0.0,2.428066712742174,1.1557582498721357,0.0024265613196031103,46.5
h2o_128,MI300X,0.7/0.3/0.0,0.3,0.0,2.4520126363371664,1.1671325635797571,0.0024265613196031103,46.5
h2o_128,MI300X,0.5/0.5/0.0,0.5,0.0,2.4528224311968776,1.16751721613812,0.0024265613196031103,46.5
h2o_128,MI300X,0.3/0.3/0.4,0.3,0.4,2.970368806276445,1.4133517443009143,0.0024265613196031103,46.5
h2o_128,MI300X,0.5/0.0/0.5,0.0,0.5,3.076523024844082,1.463774998120542,0.0024265613196031103,46.5
h2o_128,MI325X,1.0/0.0/0.0,0.0,0.0,2.1447922629222536,1.020919787387053,0.0021434624989827475,46.5
h2o_128,MI325X,0.7/0.3/0.0,0.3,0.0,2.1687806400290706,1.0323142665127911,0.0021434624989827475,46.5
h2o_128,MI325X,0.5/0.5/0.0,0.5,0.0,2.169617743868577,1.0327118908365567,0.0021434624989827475,46.5
h2o_128,MI325X,0.3/0.3/0.4,0.3,0.4,2.6871925759733766,1.2785599360863367,0.0021434624989827475,46.5
h2o_128,MI325X,0.5/0.0/0.5,0.0,0.5,2.793318337515781,1.3289696728189786,0.0021434624989827475,46.5
h2o_128,MI350X,1.0/0.0/0.0,0.0,0.0,1.6085941971916902,0.7656898405402899,0.0016075968742370605,46.5
h2o_128,MI350X,0.7/0.3/0.0,0.3,0.0,1.6326629327316036,0.7771224899217487,0.0016075968742370605,46.5
h2o_128,MI350X,0.5/0.5/0.0,0.5,0.0,1.633551728568579,0.7775446679443121,0.0016075968742370605,46.5
h2o_128,MI350X,0.3/0.3/0.4,0.3,0.4,2.151180425756856,1.0234182991087437,0.0016075968742370605,46.5
h2o_128,MI350X,0.5/0.0/0.5,0.0,0.5,2.257252322215783,1.073802449926734,0.0016075968742370605,46.5
h2o_128,TPU_v5e,1.0/0.0/0.0,0.0,0.0,16.07024836999308,7.649428260617141,0.01606028487042683,46.5
h2o_128,TPU_v5e,0.7/0.3/0.0,0.3,0.0,16.06789632265926,7.648311038133575,0.01606028487042683,46.5
h2o_128,TPU_v5e,0.5/0.5/0.0,0.5,0.0,16.066290721966766,7.6475483778046405,0.01606028487042683,46.5
h2o_128,TPU_v6e,1.0/0.0/0.0,0.0,0.0,8.03512418499654,3.8247141303085703,0.008030142435213414,46.5
h2o_128,TPU_v6e,0.7/0.3/0.0,0.3,0.0,8.03394816132963,3.8241555190667875,0.008030142435213414,46.5
h2o_128,TPU_v6e,0.5/0.5/0.0,0.5,0.0,8.033145360983383,3.8237741889023202,0.008030142435213414,46.5
h2o_128,TPU_v7,1.0/0.0/0.0,0.0,0.0,1.746099535621916,0.8311422963802332,0.0017450169598231323,46.5
h2o_128,TPU_v7,0.7/0.3/0.0,0.3,0.0,1.7458439758656017,0.8310209054959838,0.0017450169598231323,46.5
h2o_128,TPU_v7,0.5/0.5/0.0,0.5,0.0,1.745669520651282,0.830938039269182,0.0017450169598231323,46.5
h2o_128,Gaudi_3,1.0/0.0/0.0,0.0,0.0,3.478041507441492,1.6555456011681942,0.003475885133485536,46.5
h2o_128,Gaudi_3,0.7/0.3/0.0,0.3,0.0,3.5018300743903406,1.6668451704688974,0.003475885133485536,46.5
h2o_128,Gaudi_3,0.5/0.5/0.0,0.5,0.0,3.5025386467766793,1.6671817423524082,0.003475885133485536,46.5
h2o_128,Gaudi_3,0.3/0.3/0.4,0.3,0.4,4.0199795440793205,1.9129661685711628,0.003475885133485536,46.5
h2o_128,Gaudi_3,0.5/0.0/0.5,0.0,0.5,4.1262392404238835,1.9634395243348302,0.003475885133485536,46.5
h2o_128,M4_Max,1.0/0.0/0.0,0.0,0.0,24.134805244311952,11.52551323734383,0.06148074629565217,46.5
h2o_128,M4_Max,0.7/0.3/0.0,0.3,0.0,24.131272865532218,11.523835357423456,0.06148074629565217,46.5
h2o_128,M4_Max,0.5/0.5/0.0,0.5,0.0,24.12886152383287,11.522689970116266,0.06148074629565217,46.5
h2o_128,Snapdragon_X_Elite,1.0/0.0/0.0,0.0,0.0,96.8941445837818,46.14768016988766,0.12296149259130434,46.5
h2o_128,Snapdragon_X_Elite,0.7/0.3/0.0,0.3,0.0,96.87996312191612,46.14094397550146,0.12296149259130434,46.5
h2o_128,Snapdragon_X_Elite,0.5/0.5/0.0,0.5,0.0,96.87028229421138,46.136345582341704,0.12296149259130434,46.5
h2o_256,A100_80GB,1.0/0.0/0.0,0.0,0.0,6.436702750231091,3.063864193856716,0.006430387496948242,67.0
h2o_256,A100_80GB,0.7/0.3/0.0,0.3,0.0,6.496576637029647,3.0923042900860307,0.006430387496948242,67.0
h2o_256,A100_80GB,0.5/0.5/0.0,0.5,0.0,6.521877913098586,3.1043223962187767,0.006430387496948242,67.0
h2o_256,A100_80GB,0.3/0.3/0.4,0.3,0.4,7.398803550946084,3.5208620741963386,0.006430387496948242,67.0
h2o_256,A100_80GB,0.5/0.0/0.5,0.0,0.5,7.559366348542666,3.5971294030547143,0.006430387496948242,67.0
h2o_256,H100_SXM,1.0/0.0/0.0,0.0,0.0,3.842807612078263,1.8291726530487857,0.0038390373116108907,67.0
h2o_256,H100_SXM,0.7/0.3/0.0,0.3,0.0,3.877204846511745,1.8455113394046896,0.0038390373116108907,67.0
h2o_256,H100_SXM,0.5/0.5/0.0,0.5,0.0,3.885128636671068,1.849275139730368,0.0038390373116108907,67.0
h2o_256,H100_SXM,0.3/0.3/0.4,0.3,0.4,4.780321589063118,2.274491792116592,0.0038390373116108907,67.0
h2o_256,H100_SXM,0.5/0.0/0.5,0.0,0.5,4.96657844649837,2.3629637993983366,0.0038390373116108907,67.0
h2o_256,H200,1.0/0.0/0.0,0.0,0.0,2.681959479262954,1.2766100807736318,0.0026793281237284345,67.0
h2o_256,H200,0.7/0.3/0.0,0.3,0.0,2.716655474613633,1.2930906785652043,0.0026793281237284345,67.0
h2o_256,H200,0.5/0.5/0.0,0.5,0.0,2.7247760261882816,1.2969479405631623,0.0026793281237284345,67.0
h2o_256,H200,0.3/0.3/0.4,0.3,0.4,3.6201704429429875,1.7222602885216476,0.0026793281237284345,67.0
h2o_256,H200,0.5/0.0/0.5,0.0,0.5,3.806225836015584,1.810636600231131,0.0026793281237284345,67.0
h2o_256,B200,1.0/0.0/0.0,0.0,0.0,1.6091756875577727,0.765966048464179,0.0016075968742370605,67.0
h2o_256,B200,0.7/0.3/0.0,0.3,0.0,1.6441477792043437,0.7825777919963003,0.0016075968742370605,67.0
h2o_256,B200,0.5/0.5/0.0,0.5,0.0,1.6524501654662584,0.7865214254707098,0.0016075968742370605,67.0
h2o_256,B200,0.3/0.3/0.4,0.3,0.4,2.548030763080246,1.2119222093373538,0.0016075968742370605,67.0
h2o_256,B200,0.5/0.0/0.5,0.0,0.5,2.7338999752935615,1.3002100851386786,0.0016075968742370605,67.0
h2o_256,B300,1.0/0.0/0.0,0.0,0.0,1.6091756875577727,0.765966048464179,0.0016075968742370605,67.0
h2o_256,B300,0.7/0.3/0.0,0.3,0.0,1.6441477792043437,0.7825777919963003,0.0016075968742370605,67.0
h2o_256,B300,0.5/0.5/0.0,0.5,0.0,1.6524501654662584,0.7865214254707098,0.0016075968742370605,67.0
h2o_256,B300,0.3/0.3/0.4,0.3,0.4,2.548030763080246,1.2119222093373538,0.0016075968742370605,67.0
h2o_256,B300,0.5/0.0/0.5,0.0,0.5,2.7338999752935615,1.3002100851386786,0.0016075968742370605,67.0
h2o_256,L40S,1.0/0.0/0.0,0.0,0.0,15.25736948202925,7.26249290395666,0.015242399992766205,67.0
h2o_256,L40S,0.7/0.3/0.0,0.3,0.0,15.314973243728252,7.289854690763685,0.015242399992766205,67.0
h2o_256,L40S,0.5/0.5/0.0,0.5,0.0,15.338779434590776,7.301162631423384,0.015242399992766205,67.0
h2o_256,L40S,0.3/0.3/0.4,0.3,0.4,16.21417425203974,7.716975169711643,0.015242399992766205,67.0
h2o_256,L40S,0.5/0.0/0.5,0.0,0.5,16.376267870034855,7.793969638259322,0.015242399992766205,67.0
h2o_256,RTX_5090,1.0/0.0/0.0,0.0,0.0,7.191846648302894,3.423311948443258,0.007184790499383511,67.0
h2o_256,RTX_5090,0.7/0.3/0.0,0.3,0.0,7.251526187988142,3.4516597297937506,0.007184790499383511,67.0
h2o_256,RTX_5090,0.5/0.5/0.0,0.5,0.0,7.276699468690625,3.4636170381274303,0.007184790499383511,67.0
h2o_256,RTX_5090,0.3/0.3/0.4,0.3,0.4,8.153494051855054,3.880094465130534,0.007184790499383511,67.0
h2o_256,RTX_5090,0.5/0.0/0.5,0.0,0.5,8.314187904134704,3.9564240449633674,0.007184790499383511,67.0
h2o_256,MI300X,1.0/0.0/0.0,0.0,0.0,2.4289444340494684,1.1561751674931005,0.0024265613196031103,67.0
h2o_256,MI300X,0.7/0.3/0.0,0.3,0.0,2.463705546451065,1.1726866958838589,0.0024265613196031103,67.0
h2o_256,MI300X,0.5/0.5/0.0,0.5,0.0,2.471868983565163,1.1765643285130554,0.0024265613196031103,67.0
h2o_256,MI300X,0.3/0.3/0.4,0.3,0.4,3.367307310899888,1.6018975339970498,0.0024265613196031103,67.0
h2o_256,MI300X,0.5/0.0/0.5,0.0,0.5,3.5533187933924655,1.6902529881810242,0.0024265613196031103,67.0
h2o_256,MI325X,1.0/0.0/0.0,0.0,0.0,2.1455675834103634,1.0212880646189053,0.0021434624989827475,67.0
h2o_256,MI325X,0.7/0.3/0.0,0.3,0.0,2.1804016269089885,1.0378342352807521,0.0021434624989827475,67.0
h2o_256,MI325X,0.5/0.5/0.0,0.5,0.0,2.18861309582727,1.0417346830169358,0.0021434624989827475,67.0
h2o_256,MI325X,0.3/0.3/0.4,0.3,0.4,3.0841006030116165,1.4670912489295005,0.0021434624989827475,67.0
h2o_256,MI325X,0.5/0.0/0.5,0.0,0.5,3.270062905654573,1.5554233426849047,0.0021434624989827475,67.0
h2o_256,MI350X,1.0/0.0/0.0,0.0,0.0,1.6091756875577727,0.765966048464179,0.0016075968742370605,67.0
h2o_256,MI350X,0.7/0.3/0.0,0.3,0.0,1.6441477792043437,0.7825777919963003,0.0016075968742370605,67.0
h2o_256,MI350X,0.5/0.5/0.0,0.5,0.0,1.6524501654662584,0.7865214254707098,0.0016075968742370605,67.0
h2o_256,MI350X,0.3/0.3/0.4,0.3,0.4,2.548030763080246,1.2119222093373538,0.0016075968742370605,67.0
h2o_256,MI350X,0.5/0.0/0.5,0.0,0.5,2.7338999752935615,1.3002100851386786,0.0016075968742370605,67.0
h2o_256,TPU_v5e,1.0/0.0/0.0,0.0,0.0,16.076057600577162,7.652187645144579,0.01606028487042683,67.0
h2o_256,TPU_v5e,0.7/0.3/0.0,0.3,0.0,16.0719765502773,7.650249146252144,0.01606028487042683,67.0
h2o_256,TPU_v5e,0.5/0.5/0.0,0.5,0.0,16.069195337258805,7.64892807006836,0.01606028487042683,67.0
h2o_256,TPU_v6e,1.0/0.0/0.0,0.0,0.0,8.038028800288581,3.8260938225722896,0.008030142435213414,67.0
h2o_256,TPU_v6e,0.7/0.3/0.0,0.3,0.0,8.03598827513865,3.825124573126072,0.008030142435213414,67.0
h2o_256,TPU_v6e,0.5/0.5/0.0,0.5,0.0,8.034597668629402,3.82446403503418,0.008030142435213414,67.0
h2o_256,TPU_v7,1.0/0.0/0.0,0.0,0.0,1.746730732762847,0.8314421150221754,0.0017450169598231323,67.0
h2o_256,TPU_v7,0.7/0.3/0.0,0.3,0.0,1.746287309620318,0.8312314890294741,0.0017450169598231323,67.0
h2o_256,TPU_v7,0.5/0.5/0.0,0.5,0.0,1.7459851192217473,0.8310879485901531,0.0017450169598231323,67.0
h2o_256,Gaudi_3,1.0/0.0/0.0,0.0,0.0,3.4792987839086975,1.6561428074901168,0.003475885133485536,67.0
h2o_256,Gaudi_3,0.7/0.3/0.0,0.3,0.0,3.5137895725529695,1.672525932096146,0.003475885133485536,67.0
h2o_256,Gaudi_3,0.5/0.5/0.0,0.5,0.0,3.5217749767249202,1.6763189990778227,0.003475885133485536,67.0
h2o_256,Gaudi_3,0.3/0.3/0.4,0.3,0.4,4.417031015813944,2.1015656176451087,0.003475885133485536,67.0
h2o_256,Gaudi_3,0.5/0.0/0.5,0.0,0.5,4.603224786552223,2.1900076587457913,0.003475885133485536,67.0
h2o_256,M4_Max,1.0/0.0/0.0,0.0,0.0,24.14352972980453,11.529657367952804,0.06148074629565217,67.0
h2o_256,M4_Max,0.7/0.3/0.0,0.3,0.0,24.137400679903635,11.52674606924988,0.06148074629565217,67.0
h2o_256,M4_Max,0.5/0.5/0.0,0.5,0.0,24.13322376657916,11.524762035420753,0.06148074629565217,67.0
h2o_256,Snapdragon_X_Elite,1.0/0.0/0.0,0.0,0.0,96.92917082700936,46.164317635420744,0.12296149259130434,67.0
h2o_256,Snapdragon_X_Elite,0.7/0.3/0.0,0.3,0.0,96.904564494319,46.15262962739283,0.12296149259130434,67.0
h2o_256,Snapdragon_X_Elite,0.5/0.5/0.0,0.5,0.0,96.88779541582514,46.144664315108244,0.12296149259130434,67.0
h2o_512,A100_80GB,1.0/0.0/0.0,0.0,0.0,6.438656276778171,3.0647921189665794,0.006430387496948242,69.0
h2o_512,A100_80GB,0.7/0.3/0.0,0.3,0.0,6.515445790792766,3.101267138123512,0.006430387496948242,69.0
h2o_512,A100_80GB,0.5/0.5/0.0,0.5,0.0,6.554111101125415,3.119633160531521,0.006430387496948242,69.0
h2o_512,A100_80GB,0.3/0.3/0.4,0.3,0.4,7.73499206335921,3.6805516175925734,0.006430387496948242,69.0
h2o_512,A100_80GB,0.5/0.0/0.5,0.0,0.5,7.960425348658311,3.787632428109646,0.006430387496948242,69.0
h2o_512,H100_SXM,1.0/0.0/0.0,0.0,0.0,3.8439738965839827,1.8297266381890025,0.0038390373116108907,69.0
h2o_512,H100_SXM,0.7/0.3/0.0,0.3,0.0,3.8860522826075647,1.849713871550204,0.0038390373116108907,69.0
h2o_512,H100_SXM,0.5/0.5/0.0,0.5,0.0,3.9013399913005724,1.8569755331793827,0.0038390373116108907,69.0
h2o_512,H100_SXM,0.3/0.3/0.4,0.3,0.4,5.106801342608324,2.4295696750505646,0.0038390373116108907,69.0
h2o_512,H100_SXM,0.5/0.0/0.5,0.0,0.5,5.367243825593336,2.553279854468445,0.0038390373116108907,69.0
h2o_512,H200,1.0/0.0/0.0,0.0,0.0,2.6827734486575716,1.276996716236075,0.0026793281237284345,69.0
h2o_512,H200,0.7/0.3/0.0,0.3,0.0,2.7252567237929295,1.2971762719253699,0.0026793281237284345,69.0
h2o_512,H200,0.5/0.5/0.0,0.5,0.0,2.740811223262235,1.30456465917329,0.0026793281237284345,69.0
h2o_512,H200,0.3/0.3/0.4,0.3,0.4,3.9465440682936137,1.8772877605631948,0.0026793281237284345,69.0
h2o_512,H200,0.5/0.0/0.5,0.0,0.5,4.206715057554998,2.0008689804623523,0.0026793281237284345,69.0
h2o_512,B200,1.0/0.0/0.0,0.0,0.0,1.6096640691945427,0.7661980297416449,0.0016075968742370605,69.0
h2o_512,B200,0.7/0.3/0.0,0.3,0.0,1.6525215177159562,0.7865553177893162,0.0016075968742370605,69.0
h2o_512,B200,0.5/0.5/0.0,0.5,0.0,1.6683225686612884,0.794060816988349,0.0016075968742370605,69.0
h2o_512,B200,0.3/0.3/0.4,0.3,0.4,2.8743063113407086,1.3669030947610736,0.0016075968742370605,69.0
h2o_512,B200,0.5/0.0/0.5,0.0,0.5,3.1342264029540514,1.4903651382774115,0.0016075968742370605,69.0
h2o_512,B300,1.0/0.0/0.0,0.0,0.0,1.6096640691945427,0.7661980297416449,0.0016075968742370605,69.0
h2o_512,B300,0.7/0.3/0.0,0.3,0.0,1.6525215177159562,0.7865553177893162,0.0016075968742370605,69.0
h2o_512,B300,0.5/0.5/0.0,0.5,0.0,1.6683225686612884,0.794060816988349,0.0016075968742370605,69.0
h2o_512,B300,0.3/0.3/0.4,0.3,0.4,2.8743063113407086,1.3669030947610736,0.0016075968742370605,69.0
h2o_512,B300,0.5/0.0/0.5,0.0,0.5,3.1342264029540514,1.4903651382774115,0.0016075968742370605,69.0
h2o_512,L40S,1.0/0.0/0.0,0.0,0.0,15.262000063474183,7.264692430143002,0.015242399992766205,69.0
h2o_512,L40S,0.7/0.3/0.0,0.3,0.0,15.335713040758993,7.299706094353287,0.015242399992766205,69.0
h2o_512,L40S,0.5/0.5/0.0,0.5,0.0,15.372351150066532,7.317109196274369,0.015242399992766205,69.0
h2o_512,L40S,0.3/0.3/0.4,0.3,0.4,16.551169176083093,7.877047758632235,0.015242399992766205,69.0
h2o_512,L40S,0.5/0.0/0.5,0.0,0.5,16.778665397599426,7.985108463852494,0.015242399992766205,69.0
h2o_512,RTX_5090,1.0/0.0/0.0,0.0,0.0,7.194029359528682,3.4243487362755074,0.007184790499383511,69.0
h2o_512,RTX_5090,0.7/0.3/0.0,0.3,0.0,7.270555488925162,3.460698647738835,0.007184790499383511,69.0
h2o_512,RTX_5090,0.5/0.5/0.0,0.5,0.0,7.309047249056808,3.4789822338013674,0.007184790499383511,69.0
h2o_512,RTX_5090,0.3/0.3/0.4,0.3,0.4,8.489751601772985,4.039816801341552,0.007184790499383511,69.0
h2o_512,RTX_5090,0.5/0.0/0.5,0.0,0.5,8.715361496589702,4.146981501379493,0.007184790499383511,69.0
h2o_512,MI300X,1.0/0.0/0.0,0.0,0.0,2.429681613878555,1.1565253279119168,0.0024265613196031103,69.0
h2o_512,MI300X,0.7/0.3/0.0,0.3,0.0,2.4722531374540204,1.176746801610263,0.0024265613196031103,69.0
h2o_512,MI300X,0.5/0.5/0.0,0.5,0.0,2.487865785856351,1.1841628096013699,0.0024265613196031103,69.0
h2o_512,MI300X,0.3/0.3/0.4,0.3,0.4,3.6936578048613247,1.7569140186287322,0.0024265613196031103,69.0
h2o_512,MI300X,0.5/0.0/0.5,0.0,0.5,3.9537696201491146,1.8804671308904324,0.0024265613196031103,69.0
h2o_512,MI325X,1.0/0.0/0.0,0.0,0.0,2.146218758926057,1.0215973729888597,0.0021434624989827475,69.0
h2o_512,MI325X,0.7/0.3/0.0,0.3,0.0,2.1888891207544425,1.0418657948573429,0.0021434624989827475,69.0
h2o_512,MI325X,0.5/0.5/0.0,0.5,0.0,2.2045668959617615,1.0493127380808194,0.0021434624989827475,69.0
h2o_512,MI325X,0.3/0.3/0.4,0.3,0.4,3.4104251898171607,1.622095427662134,0.0021434624989827475,69.0
h2o_512,MI325X,0.5/0.0/0.5,0.0,0.5,3.6704707302545247,1.7456170593698819,0.0021434624989827475,69.0
h2o_512,MI350X,1.0/0.0/0.0,0.0,0.0,1.6096640691945427,0.7661980297416449,0.0016075968742370605,69.0
h2o_512,MI350X,0.7/0.3/0.0,0.3,0.0,1.6525215177159562,0.7865553177893162,0.0016075968742370605,69.0
h2o_512,MI350X,0.5/0.5/0.0,0.5,0.0,1.6683225686612884,0.794060816988349,0.0016075968742370605,69.0
h2o_512,MI350X,0.3/0.3/0.4,0.3,0.4,2.8743063113407086,1.3669030947610736,0.0016075968742370605,69.0
h2o_512,MI350X,0.5/0.0/0.5,0.0,0.5,3.1342264029540514,1.4903651382774115,0.0016075968742370605,69.0
h2o_512,TPU_v5e,1.0/0.0/0.0,0.0,0.0,16.08093665224597,7.654505194687262,0.01606028487042683,69.0
h2o_512,TPU_v5e,0.7/0.3/0.0,0.3,0.0,16.075377105595365,7.651864410028225,0.01606028487042683,69.0
h2o_512,TPU_v5e,0.5/0.5/0.0,0.5,0.0,16.07163486309321,7.650086844839701,0.01606028487042683,69.0
h2o_512,TPU_v6e,1.0/0.0/0.0,0.0,0.0,8.040468326122985,3.827252597343631,0.008030142435213414,69.0
h2o_512,TPU_v6e,0.7/0.3/0.0,0.3,0.0,8.037688552797682,3.8259322050141127,0.008030142435213414,69.0
h2o_512,TPU_v6e,0.5/0.5/0.0,0.5,0.0,8.035817431546604,3.8250434224198506,0.008030142435213414,69.0
h2o_512,TPU_v7,1.0/0.0/0.0,0.0,0.0,1.7472608620836285,0.8316939264495466,0.0017450169598231323,69.0
h2o_512,TPU_v7,0.7/0.3/0.0,0.3,0.0,1.7466567941438316,0.831406994178143,0.0017450169598231323,69.0
h2o_512,TPU_v7,0.5/0.5/0.0,0.5,0.0,1.7462501838821383,0.8312138543038388,0.0017450169598231323,69.0
h2o_512,Gaudi_3,1.0/0.0/0.0,0.0,0.0,3.480354744204416,1.6566443886305833,0.003475885133485536,69.0
h2o_512,Gaudi_3,0.7/0.3/0.0,0.3,0.0,3.522559917498788,1.6766918459454097,0.003475885133485536,69.0
h2o_512,Gaudi_3,0.5/0.5/0.0,0.5,0.0,3.5379311692494246,1.6839931905269623,0.003475885133485536,69.0
h2o_512,Gaudi_3,0.3/0.3/0.4,0.3,0.4,4.74347753629915,2.256627714875582,0.003475885133485536,69.0
h2o_512,Gaudi_3,0.5/0.0/0.5,0.0,0.5,5.003835003542188,2.380297511816025,0.003475885133485536,69.0
h2o_512,M4_Max,1.0/0.0/0.0,0.0,0.0,24.150857243299804,11.53313793686306,0.06148074629565217,69.0
h2o_512,M4_Max,0.7/0.3/0.0,0.3,0.0,24.142507741004028,11.529171923272566,0.06148074629565217,69.0
h2o_512,M4_Max,0.5/0.5/0.0,0.5,0.0,24.1368875233268,11.526502319875881,0.06148074629565217,69.0
h2o_512,Snapdragon_X_Elite,1.0/0.0/0.0,0.0,0.0,96.95858863854185,46.178291095898686,0.12296149259130434,69.0
h2o_512,Snapdragon_X_Elite,0.7/0.3/0.0,0.3,0.0,96.9250678425603,46.16236871780744,0.12296149259130434,69.0
h2o_512,Snapdragon_X_Elite,0.5/0.5/0.0,0.5,0.0,96.9025043215914,46.151651045347215,0.12296149259130434,69.0
h2o_1024,A100_80GB,1.0/0.0/0.0,0.0,0.0,6.438679993152618,3.064803384244442,0.006430387496948242,72.5
h2o_1024,A100_80GB,0.7/0.3/0.0,0.3,0.0,6.515699259544673,3.101387535780668,0.006430387496948242,72.5
h2o_1024,A100_80GB,0.5/0.5/0.0,0.5,0.0,6.554502421303799,3.119819037616253,0.006430387496948242,72.5
h2o_1024,A100_80GB,0.3/0.3/0.4,0.3,0.4,7.738879473585832,3.6823981374502184,0.006430387496948242,72.5
h2o_1024,A100_80GB,0.5/0.0/0.5,0.0,0.5,7.965294320332377,3.7899451896548273,0.006430387496948242,72.5
h2o_1024,H100_SXM,1.0/0.0/0.0,0.0,0.0,3.8439880556135035,1.8297333637280249,0.0038390373116108907,72.5
h2o_1024,H100_SXM,0.7/0.3/0.0,0.3,0.0,3.8861805988125977,1.8497748217475947,0.0038390373116108907,72.5
h2o_1024,H100_SXM,0.5/0.5/0.0,0.5,0.0,3.9015368018109124,1.8570690181717944,0.0038390373116108907,72.5
h2o_1024,H100_SXM,0.3/0.3/0.4,0.3,0.4,5.110567184292418,2.431358449850509,0.0038390373116108907,72.5
h2o_1024,H100_SXM,0.5/0.0/0.5,0.0,0.5,5.372108018594938,2.555590346144206,0.0038390373116108907,72.5
h2o_1024,H200,1.0/0.0/0.0,0.0,0.0,2.682783330480258,1.277001410101851,0.0026793281237284345,72.5
h2o_1024,H200,0.7/0.3/0.0,0.3,0.0,2.7253820994182636,1.2972358253474037,0.0026793281237284345,72.5
h2o_1024,H200,0.5/0.5/0.0,0.5,0.0,2.741005895169158,1.3046571283290784,0.0026793281237284345,72.5
h2o_1024,H200,0.3/0.3/0.4,0.3,0.4,3.9503085733505725,1.8790759004652502,0.0026793281237284345,72.5
h2o_1024,H200,0.5/0.0/0.5,0.0,0.5,4.211577111953184,2.0031784563014905,0.0026793281237284345,72.5
h2o_1024,B200,1.0/0.0/0.0,0.0,0.0,1.6096699982881546,0.7662008460611105,0.0016075968742370605,72.5
h2o_1024,B200,0.7/0.3/0.0,0.3,0.0,1.6526441758400514,0.7866135803982616,0.0016075968742370605,72.5
h2o_1024,B200,0.5/0.5/0.0,0.5,0.0,1.6685152642036738,0.7941523473709822,0.0016075968742370605,72.5
h2o_1024,B200,0.3/0.3/0.4,0.3,0.4,2.878069581169831,1.3686906479299068,0.0016075968742370605,72.5
h2o_1024,B200,0.5/0.0/0.5,0.0,0.5,3.1390864809876993,1.4926736753433942,0.0016075968742370605,72.5
h2o_1024,B300,1.0/0.0/0.0,0.0,0.0,1.6096699982881546,0.7662008460611105,0.0016075968742370605,72.5
h2o_1024,B300,0.7/0.3/0.0,0.3,0.0,1.6526441758400514,0.7866135803982616,0.0016075968742370605,72.5
h2o_1024,B300,0.5/0.5/0.0,0.5,0.0,1.6685152642036738,0.7941523473709822,0.0016075968742370605,72.5
h2o_1024,B300,0.3/0.3/0.4,0.3,0.4,2.878069581169831,1.3686906479299068,0.0016075968742370605,72.5
h2o_1024,B300,0.5/0.0/0.5,0.0,0.5,3.1390864809876993,1.4926736753433942,0.0016075968742370605,72.5
h2o_1024,L40S,1.0/0.0/0.0,0.0,0.0,15.262056280065465,7.264719133023862,0.015242399992766205,72.5
h2o_1024,L40S,0.7/0.3/0.0,0.3,0.0,15.335988853409974,7.299837105362504,0.015242399992766205,72.5
h2o_1024,L40S,0.5/0.5/0.0,0.5,0.0,15.372758720353334,7.317302792160599,0.015242399992766205,72.5
h2o_1024,L40S,0.3/0.3/0.4,0.3,0.4,16.555066742627478,7.878899102740817,0.015242399992766205,72.5
h2o_1024,L40S,0.5/0.0/0.5,0.0,0.5,16.783550619381913,7.9874289441991735,0.015242399992766205,72.5
h2o_1024,RTX_5090,1.0/0.0/0.0,0.0,0.0,7.194055858271081,3.424361323178147,0.007184790499383511,72.5
h2o_1024,RTX_5090,0.7/0.3/0.0,0.3,0.0,7.270810870555035,3.460819954013025,0.007184790499383511,72.5
h2o_1024,RTX_5090,0.5/0.5/0.0,0.5,0.0,7.309439960419167,3.479168771698488,0.007184790499383511,72.5
h2o_1024,RTX_5090,0.3/0.3/0.4,0.3,0.4,8.493639881489592,4.04166373420694,0.007184790499383511,72.5
h2o_1024,RTX_5090,0.5/0.0/0.5,0.0,0.5,8.720231859447745,4.149294923737063,0.007184790499383511,72.5
h2o_1024,MI300X,1.0/0.0/0.0,0.0,0.0,2.429690563453818,1.1565295789601668,0.0024265613196031103,72.5
h2o_1024,MI300X,0.7/0.3/0.0,0.3,0.0,2.472377872159251,1.1768060505952473,0.0024265613196031103,72.5
h2o_1024,MI300X,0.5/0.5/0.0,0.5,0.0,2.4880599916395627,1.1842550573483952,0.0024265613196031103,72.5
h2o_1024,MI300X,0.3/0.3/0.4,0.3,0.4,3.697422018590963,1.7587020201503105,0.0024265613196031103,72.5
h2o_1024,MI300X,0.5/0.0/0.5,0.0,0.5,3.958631208423588,1.8827763853208075,0.0024265613196031103,72.5
h2o_1024,MI325X,1.0/0.0/0.0,0.0,0.0,2.146226664384206,1.0216011280814805,0.0021434624989827475,72.5
h2o_1024,MI325X,0.7/0.3/0.0,0.3,0.0,2.189013137629157,1.0419247028728325,0.0021434624989827475,72.5
h2o_1024,MI325X,0.5/0.5/0.0,0.5,0.0,2.2047605796864156,1.0494047378500302,0.0021434624989827475,72.5
h2o_1024,MI325X,0.3/0.3/0.4,0.3,0.4,3.4141890772602013,1.6238832741975784,0.0021434624989827475,72.5
h2o_1024,MI325X,0.5/0.0/0.5,0.0,0.5,3.675331796470441,1.7479260658224423,0.0021434624989827475,72.5
h2o_1024,MI350X,1.0/0.0/0.0,0.0,0.0,1.6096699982881546,0.7662008460611105,0.0016075968742370605,72.5
h2o_1024,MI350X,0.7/0.3/0.0,0.3,0.0,1.6526441758400514,0.7866135803982616,0.0016075968742370605,72.5
h2o_1024,MI350X,0.5/0.5/0.0,0.5,0.0,1.6685152642036738,0.7941523473709822,0.0016075968742370605,72.5
h2o_1024,MI350X,0.3/0.3/0.4,0.3,0.4,2.878069581169831,1.3686906479299068,0.0016075968742370605,72.5
h2o_1024,MI350X,0.5/0.0/0.5,0.0,0.5,3.1390864809876993,1.4926736753433942,0.0016075968742370605,72.5
h2o_1024,TPU_v5e,1.0/0.0/0.0,0.0,0.0,16.08099588533727,7.654533330405631,0.01606028487042683,72.5
h2o_1024,TPU_v5e,0.7/0.3/0.0,0.3,0.0,16.075417828345635,7.651883753334604,0.01606028487042683,72.5
h2o_1024,TPU_v5e,0.5/0.5/0.0,0.5,0.0,16.07166447963886,7.6501009126988855,0.01606028487042683,72.5
h2o_1024,TPU_v6e,1.0/0.0/0.0,0.0,0.0,8.040497942668635,3.8272666652028153,0.008030142435213414,72.5
h2o_1024,TPU_v6e,0.7/0.3/0.0,0.3,0.0,8.037708914172818,3.825941876667302,0.008030142435213414,72.5
h2o_1024,TPU_v6e,0.5/0.5/0.0,0.5,0.0,8.03583223981943,3.8250504563494427,0.008030142435213414,72.5
h2o_1024,TPU_v7,1.0/0.0/0.0,0.0,0.0,1.747267298006138,0.8316969835127386,0.0017450169598231323,72.5
h2o_1024,TPU_v7,0.7/0.3/0.0,0.3,0.0,1.7466612188405566,0.8314090959090875,0.0017450169598231323,72.5
h2o_1024,TPU_v7,0.5/0.5/0.0,0.5,0.0,1.7462534018433928,0.8312153828354347,0.0017450169598231323,72.5
h2o_1024,Gaudi_3,1.0/0.0/0.0,0.0,0.0,3.48036756386628,1.6566504779699684,0.003475885133485536,72.5
h2o_1024,Gaudi_3,0.7/0.3/0.0,0.3,0.0,3.5226873128885563,1.6767523587555497,0.003475885133485536,72.5
h2o_1024,Gaudi_3,0.5/0.5/0.0,0.5,0.0,3.5381273100759363,1.6840863574195553,0.003475885133485536,72.5
h2o_1024,Gaudi_3,0.3/0.3/0.4,0.3,0.4,4.747242959430852,2.25841629086314,0.003475885133485536,72.5
h2o_1024,Gaudi_3,0.5/0.0/0.5,0.0,0.5,5.008698526859962,2.3826076853919673,0.003475885133485536,72.5
h2o_1024,M4_Max,1.0/0.0/0.0,0.0,0.0,24.150946201422276,11.533180191971233,0.06148074629565217,72.5
h2o_1024,M4_Max,0.7/0.3/0.0,0.3,0.0,24.142568899713226,11.529200973659435,0.06148074629565217,72.5
h2o_1024,M4_Max,0.5/0.5/0.0,0.5,0.0,24.136932002388033,11.526523447429968,0.06148074629565217,72.5
h2o_1024,Snapdragon_X_Elite,1.0/0.0/0.0,0.0,0.0,96.95894577923943,46.17846073773003,0.12296149259130434,72.5
h2o_1024,Snapdragon_X_Elite,0.7/0.3/0.0,0.3,0.0,96.92531337678986,46.162485346566484,0.12296149259130434,72.5
h2o_1024,Snapdragon_X_Elite,0.5/0.5/0.0,0.5,0.0,96.90268289194019,46.15173586626289,0.12296149259130434,72.5
snapkv_512,A100_80GB,1.0/0.0/0.0,0.0,0.0,6.438656276778171,3.0647921189665794,0.006430387496948242,75.5
snapkv_512,A100_80GB,0.7/0.3/0.0,0.3,0.0,6.515445790792766,3.101267138123512,0.006430387496948242,75.5
snapkv_512,A100_80GB,0.5/0.5/0.0,0.5,0.0,6.554111101125415,3.119633160531521,0.006430387496948242,75.5
snapkv_512,A100_80GB,0.3/0.3/0.4,0.3,0.4,7.73499206335921,3.6805516175925734,0.006430387496948242,75.5
snapkv_512,A100_80GB,0.5/0.0/0.5,0.0,0.5,7.960425348658311,3.787632428109646,0.006430387496948242,75.5
snapkv_512,H100_SXM,1.0/0.0/0.0,0.0,0.0,3.8439738965839827,1.8297266381890025,0.0038390373116108907,75.5
snapkv_512,H100_SXM,0.7/0.3/0.0,0.3,0.0,3.8860522826075647,1.849713871550204,0.0038390373116108907,75.5
snapkv_512,H100_SXM,0.5/0.5/0.0,0.5,0.0,3.9013399913005724,1.8569755331793827,0.0038390373116108907,75.5
snapkv_512,H100_SXM,0.3/0.3/0.4,0.3,0.4,5.106801342608324,2.4295696750505646,0.0038390373116108907,75.5
snapkv_512,H100_SXM,0.5/0.0/0.5,0.0,0.5,5.367243825593336,2.553279854468445,0.0038390373116108907,75.5
snapkv_512,H200,1.0/0.0/0.0,0.0,0.0,2.6827734486575716,1.276996716236075,0.0026793281237284345,75.5
snapkv_512,H200,0.7/0.3/0.0,0.3,0.0,2.7252567237929295,1.2971762719253699,0.0026793281237284345,75.5
snapkv_512,H200,0.5/0.5/0.0,0.5,0.0,2.740811223262235,1.30456465917329,0.0026793281237284345,75.5
snapkv_512,H200,0.3/0.3/0.4,0.3,0.4,3.9465440682936137,1.8772877605631948,0.0026793281237284345,75.5
snapkv_512,H200,0.5/0.0/0.5,0.0,0.5,4.206715057554998,2.0008689804623523,0.0026793281237284345,75.5
snapkv_512,B200,1.0/0.0/0.0,0.0,0.0,1.6096640691945427,0.7661980297416449,0.0016075968742370605,75.5
snapkv_512,B200,0.7/0.3/0.0,0.3,0.0,1.6525215177159562,0.7865553177893162,0.0016075968742370605,75.5
snapkv_512,B200,0.5/0.5/0.0,0.5,0.0,1.6683225686612884,0.794060816988349,0.0016075968742370605,75.5
snapkv_512,B200,0.3/0.3/0.4,0.3,0.4,2.8743063113407086,1.3669030947610736,0.0016075968742370605,75.5
snapkv_512,B200,0.5/0.0/0.5,0.0,0.5,3.1342264029540514,1.4903651382774115,0.0016075968742370605,75.5
snapkv_512,B300,1.0/0.0/0.0,0.0,0.0,1.6096640691945427,0.7661980297416449,0.0016075968742370605,75.5
snapkv_512,B300,0.7/0.3/0.0,0.3,0.0,1.6525215177159562,0.7865553177893162,0.0016075968742370605,75.5
snapkv_512,B300,0.5/0.5/0.0,0.5,0.0,1.6683225686612884,0.794060816988349,0.0016075968742370605,75.5
snapkv_512,B300,0.3/0.3/0.4,0.3,0.4,2.8743063113407086,1.3669030947610736,0.0016075968742370605,75.5
snapkv_512,B300,0.5/0.0/0.5,0.0,0.5,3.1342264029540514,1.4903651382774115,0.0016075968742370605,75.5
snapkv_512,L40S,1.0/0.0/0.0,0.0,0.0,15.262000063474183,7.264692430143002,0.015242399992766205,75.5
snapkv_512,L40S,0.7/0.3/0.0,0.3,0.0,15.335713040758993,7.299706094353287,0.015242399992766205,75.5
snapkv_512,L40S,0.5/0.5/0.0,0.5,0.0,15.372351150066532,7.317109196274369,0.015242399992766205,75.5
snapkv_512,L40S,0.3/0.3/0.4,0.3,0.4,16.551169176083093,7.877047758632235,0.015242399992766205,75.5
snapkv_512,L40S,0.5/0.0/0.5,0.0,0.5,16.778665397599426,7.985108463852494,0.015242399992766205,75.5
snapkv_512,RTX_5090,1.0/0.0/0.0,0.0,0.0,7.194029359528682,3.4243487362755074,0.007184790499383511,75.5
snapkv_512,RTX_5090,0.7/0.3/0.0,0.3,0.0,7.270555488925162,3.460698647738835,0.007184790499383511,75.5
snapkv_512,RTX_5090,0.5/0.5/0.0,0.5,0.0,7.309047249056808,3.4789822338013674,0.007184790499383511,75.5
snapkv_512,RTX_5090,0.3/0.3/0.4,0.3,0.4,8.489751601772985,4.039816801341552,0.007184790499383511,75.5
snapkv_512,RTX_5090,0.5/0.0/0.5,0.0,0.5,8.715361496589702,4.146981501379493,0.007184790499383511,75.5
snapkv_512,MI300X,1.0/0.0/0.0,0.0,0.0,2.429681613878555,1.1565253279119168,0.0024265613196031103,75.5
snapkv_512,MI300X,0.7/0.3/0.0,0.3,0.0,2.4722531374540204,1.176746801610263,0.0024265613196031103,75.5
snapkv_512,MI300X,0.5/0.5/0.0,0.5,0.0,2.487865785856351,1.1841628096013699,0.0024265613196031103,75.5
snapkv_512,MI300X,0.3/0.3/0.4,0.3,0.4,3.6936578048613247,1.7569140186287322,0.0024265613196031103,75.5
snapkv_512,MI300X,0.5/0.0/0.5,0.0,0.5,3.9537696201491146,1.8804671308904324,0.0024265613196031103,75.5
snapkv_512,MI325X,1.0/0.0/0.0,0.0,0.0,2.146218758926057,1.0215973729888597,0.0021434624989827475,75.5
snapkv_512,MI325X,0.7/0.3/0.0,0.3,0.0,2.1888891207544425,1.0418657948573429,0.0021434624989827475,75.5
snapkv_512,MI325X,0.5/0.5/0.0,0.5,0.0,2.2045668959617615,1.0493127380808194,0.0021434624989827475,75.5
snapkv_512,MI325X,0.3/0.3/0.4,0.3,0.4,3.4104251898171607,1.622095427662134,0.0021434624989827475,75.5
snapkv_512,MI325X,0.5/0.0/0.5,0.0,0.5,3.6704707302545247,1.7456170593698819,0.0021434624989827475,75.5
snapkv_512,MI350X,1.0/0.0/0.0,0.0,0.0,1.6096640691945427,0.7661980297416449,0.0016075968742370605,75.5
snapkv_512,MI350X,0.7/0.3/0.0,0.3,0.0,1.6525215177159562,0.7865553177893162,0.0016075968742370605,75.5
snapkv_512,MI350X,0.5/0.5/0.0,0.5,0.0,1.6683225686612884,0.794060816988349,0.0016075968742370605,75.5
snapkv_512,MI350X,0.3/0.3/0.4,0.3,0.4,2.8743063113407086,1.3669030947610736,0.0016075968742370605,75.5
snapkv_512,MI350X,0.5/0.0/0.5,0.0,0.5,3.1342264029540514,1.4903651382774115,0.0016075968742370605,75.5
snapkv_512,TPU_v5e,1.0/0.0/0.0,0.0,0.0,16.08093665224597,7.654505194687262,0.01606028487042683,75.5
snapkv_512,TPU_v5e,0.7/0.3/0.0,0.3,0.0,16.075377105595365,7.651864410028225,0.01606028487042683,75.5
snapkv_512,TPU_v5e,0.5/0.5/0.0,0.5,0.0,16.07163486309321,7.650086844839701,0.01606028487042683,75.5
snapkv_512,TPU_v6e,1.0/0.0/0.0,0.0,0.0,8.040468326122985,3.827252597343631,0.008030142435213414,75.5
snapkv_512,TPU_v6e,0.7/0.3/0.0,0.3,0.0,8.037688552797682,3.8259322050141127,0.008030142435213414,75.5
snapkv_512,TPU_v6e,0.5/0.5/0.0,0.5,0.0,8.035817431546604,3.8250434224198506,0.008030142435213414,75.5
snapkv_512,TPU_v7,1.0/0.0/0.0,0.0,0.0,1.7472608620836285,0.8316939264495466,0.0017450169598231323,75.5
snapkv_512,TPU_v7,0.7/0.3/0.0,0.3,0.0,1.7466567941438316,0.831406994178143,0.0017450169598231323,75.5
snapkv_512,TPU_v7,0.5/0.5/0.0,0.5,0.0,1.7462501838821383,0.8312138543038388,0.0017450169598231323,75.5
snapkv_512,Gaudi_3,1.0/0.0/0.0,0.0,0.0,3.480354744204416,1.6566443886305833,0.003475885133485536,75.5
snapkv_512,Gaudi_3,0.7/0.3/0.0,0.3,0.0,3.522559917498788,1.6766918459454097,0.003475885133485536,75.5
snapkv_512,Gaudi_3,0.5/0.5/0.0,0.5,0.0,3.5379311692494246,1.6839931905269623,0.003475885133485536,75.5
snapkv_512,Gaudi_3,0.3/0.3/0.4,0.3,0.4,4.74347753629915,2.256627714875582,0.003475885133485536,75.5
snapkv_512,Gaudi_3,0.5/0.0/0.5,0.0,0.5,5.003835003542188,2.380297511816025,0.003475885133485536,75.5
snapkv_512,M4_Max,1.0/0.0/0.0,0.0,0.0,24.150857243299804,11.53313793686306,0.06148074629565217,75.5
snapkv_512,M4_Max,0.7/0.3/0.0,0.3,0.0,24.142507741004028,11.529171923272566,0.06148074629565217,75.5
snapkv_512,M4_Max,0.5/0.5/0.0,0.5,0.0,24.1368875233268,11.526502319875881,0.06148074629565217,75.5
snapkv_512,Snapdragon_X_Elite,1.0/0.0/0.0,0.0,0.0,96.95858863854185,46.178291095898686,0.12296149259130434,75.5
snapkv_512,Snapdragon_X_Elite,0.7/0.3/0.0,0.3,0.0,96.9250678425603,46.16236871780744,0.12296149259130434,75.5
snapkv_512,Snapdragon_X_Elite,0.5/0.5/0.0,0.5,0.0,96.9025043215914,46.151651045347215,0.12296149259130434,75.5
expected_attn_512,A100_80GB,1.0/0.0/0.0,0.0,0.0,6.438656276778171,3.0647921189665794,0.006430387496948242,76.0
expected_attn_512,A100_80GB,0.7/0.3/0.0,0.3,0.0,6.515445790792766,3.101267138123512,0.006430387496948242,76.0
expected_attn_512,A100_80GB,0.5/0.5/0.0,0.5,0.0,6.554111101125415,3.119633160531521,0.006430387496948242,76.0
expected_attn_512,A100_80GB,0.3/0.3/0.4,0.3,0.4,7.73499206335921,3.6805516175925734,0.006430387496948242,76.0
expected_attn_512,A100_80GB,0.5/0.0/0.5,0.0,0.5,7.960425348658311,3.787632428109646,0.006430387496948242,76.0
expected_attn_512,H100_SXM,1.0/0.0/0.0,0.0,0.0,3.8439738965839827,1.8297266381890025,0.0038390373116108907,76.0
expected_attn_512,H100_SXM,0.7/0.3/0.0,0.3,0.0,3.8860522826075647,1.849713871550204,0.0038390373116108907,76.0
expected_attn_512,H100_SXM,0.5/0.5/0.0,0.5,0.0,3.9013399913005724,1.8569755331793827,0.0038390373116108907,76.0
expected_attn_512,H100_SXM,0.3/0.3/0.4,0.3,0.4,5.106801342608324,2.4295696750505646,0.0038390373116108907,76.0
expected_attn_512,H100_SXM,0.5/0.0/0.5,0.0,0.5,5.367243825593336,2.553279854468445,0.0038390373116108907,76.0
expected_attn_512,H200,1.0/0.0/0.0,0.0,0.0,2.6827734486575716,1.276996716236075,0.0026793281237284345,76.0
expected_attn_512,H200,0.7/0.3/0.0,0.3,0.0,2.7252567237929295,1.2971762719253699,0.0026793281237284345,76.0
expected_attn_512,H200,0.5/0.5/0.0,0.5,0.0,2.740811223262235,1.30456465917329,0.0026793281237284345,76.0
expected_attn_512,H200,0.3/0.3/0.4,0.3,0.4,3.9465440682936137,1.8772877605631948,0.0026793281237284345,76.0
expected_attn_512,H200,0.5/0.0/0.5,0.0,0.5,4.206715057554998,2.0008689804623523,0.0026793281237284345,76.0
expected_attn_512,B200,1.0/0.0/0.0,0.0,0.0,1.6096640691945427,0.7661980297416449,0.0016075968742370605,76.0
expected_attn_512,B200,0.7/0.3/0.0,0.3,0.0,1.6525215177159562,0.7865553177893162,0.0016075968742370605,76.0
expected_attn_512,B200,0.5/0.5/0.0,0.5,0.0,1.6683225686612884,0.794060816988349,0.0016075968742370605,76.0
expected_attn_512,B200,0.3/0.3/0.4,0.3,0.4,2.8743063113407086,1.3669030947610736,0.0016075968742370605,76.0
expected_attn_512,B200,0.5/0.0/0.5,0.0,0.5,3.1342264029540514,1.4903651382774115,0.0016075968742370605,76.0
expected_attn_512,B300,1.0/0.0/0.0,0.0,0.0,1.6096640691945427,0.7661980297416449,0.0016075968742370605,76.0
expected_attn_512,B300,0.7/0.3/0.0,0.3,0.0,1.6525215177159562,0.7865553177893162,0.0016075968742370605,76.0
expected_attn_512,B300,0.5/0.5/0.0,0.5,0.0,1.6683225686612884,0.794060816988349,0.0016075968742370605,76.0
expected_attn_512,B300,0.3/0.3/0.4,0.3,0.4,2.8743063113407086,1.3669030947610736,0.0016075968742370605,76.0
expected_attn_512,B300,0.5/0.0/0.5,0.0,0.5,3.1342264029540514,1.4903651382774115,0.0016075968742370605,76.0
expected_attn_512,L40S,1.0/0.0/0.0,0.0,0.0,15.262000063474183,7.264692430143002,0.015242399992766205,76.0
expected_attn_512,L40S,0.7/0.3/0.0,0.3,0.0,15.335713040758993,7.299706094353287,0.015242399992766205,76.0
expected_attn_512,L40S,0.5/0.5/0.0,0.5,0.0,15.372351150066532,7.317109196274369,0.015242399992766205,76.0
expected_attn_512,L40S,0.3/0.3/0.4,0.3,0.4,16.551169176083093,7.877047758632235,0.015242399992766205,76.0
expected_attn_512,L40S,0.5/0.0/0.5,0.0,0.5,16.778665397599426,7.985108463852494,0.015242399992766205,76.0
expected_attn_512,RTX_5090,1.0/0.0/0.0,0.0,0.0,7.194029359528682,3.4243487362755074,0.007184790499383511,76.0
expected_attn_512,RTX_5090,0.7/0.3/0.0,0.3,0.0,7.270555488925162,3.460698647738835,0.007184790499383511,76.0
expected_attn_512,RTX_5090,0.5/0.5/0.0,0.5,0.0,7.309047249056808,3.4789822338013674,0.007184790499383511,76.0
expected_attn_512,RTX_5090,0.3/0.3/0.4,0.3,0.4,8.489751601772985,4.039816801341552,0.007184790499383511,76.0
expected_attn_512,RTX_5090,0.5/0.0/0.5,0.0,0.5,8.715361496589702,4.146981501379493,0.007184790499383511,76.0
expected_attn_512,MI300X,1.0/0.0/0.0,0.0,0.0,2.429681613878555,1.1565253279119168,0.0024265613196031103,76.0
expected_attn_512,MI300X,0.7/0.3/0.0,0.3,0.0,2.4722531374540204,1.176746801610263,0.0024265613196031103,76.0
expected_attn_512,MI300X,0.5/0.5/0.0,0.5,0.0,2.487865785856351,1.1841628096013699,0.0024265613196031103,76.0
expected_attn_512,MI300X,0.3/0.3/0.4,0.3,0.4,3.6936578048613247,1.7569140186287322,0.0024265613196031103,76.0
expected_attn_512,MI300X,0.5/0.0/0.5,0.0,0.5,3.9537696201491146,1.8804671308904324,0.0024265613196031103,76.0
expected_attn_512,MI325X,1.0/0.0/0.0,0.0,0.0,2.146218758926057,1.0215973729888597,0.0021434624989827475,76.0
expected_attn_512,MI325X,0.7/0.3/0.0,0.3,0.0,2.1888891207544425,1.0418657948573429,0.0021434624989827475,76.0
expected_attn_512,MI325X,0.5/0.5/0.0,0.5,0.0,2.2045668959617615,1.0493127380808194,0.0021434624989827475,76.0
expected_attn_512,MI325X,0.3/0.3/0.4,0.3,0.4,3.4104251898171607,1.622095427662134,0.0021434624989827475,76.0
expected_attn_512,MI325X,0.5/0.0/0.5,0.0,0.5,3.6704707302545247,1.7456170593698819,0.0021434624989827475,76.0
expected_attn_512,MI350X,1.0/0.0/0.0,0.0,0.0,1.6096640691945427,0.7661980297416449,0.0016075968742370605,76.0
expected_attn_512,MI350X,0.7/0.3/0.0,0.3,0.0,1.6525215177159562,0.7865553177893162,0.0016075968742370605,76.0
expected_attn_512,MI350X,0.5/0.5/0.0,0.5,0.0,1.6683225686612884,0.794060816988349,0.0016075968742370605,76.0
expected_attn_512,MI350X,0.3/0.3/0.4,0.3,0.4,2.8743063113407086,1.3669030947610736,0.0016075968742370605,76.0
expected_attn_512,MI350X,0.5/0.0/0.5,0.0,0.5,3.1342264029540514,1.4903651382774115,0.0016075968742370605,76.0
expected_attn_512,TPU_v5e,1.0/0.0/0.0,0.0,0.0,16.08093665224597,7.654505194687262,0.01606028487042683,76.0
expected_attn_512,TPU_v5e,0.7/0.3/0.0,0.3,0.0,16.075377105595365,7.651864410028225,0.01606028487042683,76.0
expected_attn_512,TPU_v5e,0.5/0.5/0.0,0.5,0.0,16.07163486309321,7.650086844839701,0.01606028487042683,76.0
expected_attn_512,TPU_v6e,1.0/0.0/0.0,0.0,0.0,8.040468326122985,3.827252597343631,0.008030142435213414,76.0
expected_attn_512,TPU_v6e,0.7/0.3/0.0,0.3,0.0,8.037688552797682,3.8259322050141127,0.008030142435213414,76.0
expected_attn_512,TPU_v6e,0.5/0.5/0.0,0.5,0.0,8.035817431546604,3.8250434224198506,0.008030142435213414,76.0
expected_attn_512,TPU_v7,1.0/0.0/0.0,0.0,0.0,1.7472608620836285,0.8316939264495466,0.0017450169598231323,76.0
expected_attn_512,TPU_v7,0.7/0.3/0.0,0.3,0.0,1.7466567941438316,0.831406994178143,0.0017450169598231323,76.0
expected_attn_512,TPU_v7,0.5/0.5/0.0,0.5,0.0,1.7462501838821383,0.8312138543038388,0.0017450169598231323,76.0
expected_attn_512,Gaudi_3,1.0/0.0/0.0,0.0,0.0,3.480354744204416,1.6566443886305833,0.003475885133485536,76.0
expected_attn_512,Gaudi_3,0.7/0.3/0.0,0.3,0.0,3.522559917498788,1.6766918459454097,0.003475885133485536,76.0
expected_attn_512,Gaudi_3,0.5/0.5/0.0,0.5,0.0,3.5379311692494246,1.6839931905269623,0.003475885133485536,76.0
expected_attn_512,Gaudi_3,0.3/0.3/0.4,0.3,0.4,4.74347753629915,2.256627714875582,0.003475885133485536,76.0
expected_attn_512,Gaudi_3,0.5/0.0/0.5,0.0,0.5,5.003835003542188,2.380297511816025,0.003475885133485536,76.0
expected_attn_512,M4_Max,1.0/0.0/0.0,0.0,0.0,24.150857243299804,11.53313793686306,0.06148074629565217,76.0
expected_attn_512,M4_Max,0.7/0.3/0.0,0.3,0.0,24.142507741004028,11.529171923272566,0.06148074629565217,76.0
expected_attn_512,M4_Max,0.5/0.5/0.0,0.5,0.0,24.1368875233268,11.526502319875881,0.06148074629565217,76.0
expected_attn_512,Snapdragon_X_Elite,1.0/0.0/0.0,0.0,0.0,96.95858863854185,46.178291095898686,0.12296149259130434,76.0
expected_attn_512,Snapdragon_X_Elite,0.7/0.3/0.0,0.3,0.0,96.9250678425603,46.16236871780744,0.12296149259130434,76.0
expected_attn_512,Snapdragon_X_Elite,0.5/0.5/0.0,0.5,0.0,96.9025043215914,46.151651045347215,0.12296149259130434,76.0
